"Facility.ID","Facility.Name","reported_measures","avg_err"
10001,"SOUTHEAST HEALTH MEDICAL CENTER",6,0.978383333333333
10006,"NORTH ALABAMA MEDICAL CENTER",6,1.00021666666667
10011,"ST. VINCENT'S EAST",5,1.02746
10012,"DEKALB REGIONAL MEDICAL CENTER",5,1.01734
10016,"SHELBY BAPTIST MEDICAL CENTER",6,1.0397
10023,"BAPTIST MEDICAL CENTER SOUTH",6,1.03326666666667
10024,"JACKSON HOSPITAL & CLINIC INC",5,0.9889
10029,"THE EAST ALABAMA HEALTHCARE AUTHORITY",6,0.972633333333333
10033,"UNIVERSITY OF ALABAMA HOSPITAL",6,1.15155
10035,"CULLMAN REGIONAL MEDICAL CENTER",5,0.99414
10039,"HUNTSVILLE HOSPITAL",6,0.948683333333333
10040,"GADSDEN REGIONAL MEDICAL CENTER",6,1.03891666666667
10046,"RIVERVIEW REGIONAL MEDICAL CENTER",5,1.06688
10055,"FLOWERS HOSPITAL",6,1.09018333333333
10056,"ST VINCENT'S BIRMINGHAM",6,1.056
10065,"RUSSELL MEDICAL CENTER",5,0.95112
10078,"NORTHEAST ALABAMA REGIONAL MEDICAL CENTER",5,1.08584
10083,"BALDWIN HEALTH",5,1.04566
10085,"DECATUR MORGAN HOSPITAL - DECATUR CAMPUS",5,0.96532
10090,"USA HEALTH HCA PROVIDENCE HOSPITAL, LLC",6,1.01551666666667
10100,"THOMAS HOSPITAL",6,1.00303333333333
10103,"PRINCETON BAPTIST MEDICAL CENTER",6,0.9833
10104,"GRANDVIEW MEDICAL CENTER",6,1.01545
10113,"MOBILE INFIRMARY MEDICAL CENTER",6,1.01321666666667
10131,"CRESTWOOD MEDICAL CENTER",5,1.0425
10139,"BROOKWOOD BAPTIST MEDICAL CENTER",5,0.95766
10144,"SPRINGHILL MEDICAL CENTER",6,1.01155
20001,"PROVIDENCE ALASKA MEDICAL CENTER",6,0.926616666666667
20006,"MAT-SU REGIONAL MEDICAL CENTER",5,0.97334
20012,"FAIRBANKS MEMORIAL HOSPITAL",5,0.97238
20017,"ALASKA REGIONAL HOSPITAL",6,1.08643333333333
20026,"ALASKA NATIVE MEDICAL CENTER",5,0.94712
30002,"BANNER - UNIVERSITY MEDICAL CENTER PHOENIX",5,0.96546
30006,"TUCSON MEDICAL CENTER",6,1.07973333333333
30010,"ST. MARY'S HOSPITAL",5,1.00766
30011,"ST JOSEPH'S HOSPITAL",5,0.99334
30012,"YAVAPAI REGIONAL MEDICAL CENTER",6,0.982
30013,"YUMA REGIONAL MEDICAL CENTER",6,0.980816666666667
30014,"HONOR HEALTH JOHN C. LINCOLN MEDICAL CENTER",5,0.98962
30023,"FLAGSTAFF MEDICAL CENTER",6,0.983066666666667
30024,"ST JOSEPHS HOSPITAL AND MEDICAL CENTER",5,1.00838
30036,"CHANDLER REGIONAL MEDICAL CENTER",5,0.97924
30038,"HONORHEALTH SCOTTSDALE OSBORN MEDICAL CENTER",5,0.9905
30043,"CANYON VISTA MEDICAL CENTER",5,1.01906
30061,"BANNER BOSWELL MEDICAL CENTER",6,1.017
30062,"SUMMIT HEALTHCARE REGIONAL MEDICAL CENTER",5,0.98932
30064,"BANNER - UNIVERSITY MEDICAL CENTER TUCSON CAMPUS",5,0.95424
30065,"BANNER DESERT MEDICAL CENTER",5,1.03292
30069,"HAVASU REGIONAL MEDICAL CENTER",6,0.98655
30085,"NORTHWEST MEDICAL CENTER",6,0.975183333333333
30087,"HONORHEALTH SCOTTSDALE SHEA MEDICAL CENTER",6,1.06413333333333
30089,"BANNER THUNDERBIRD MEDICAL CENTER",5,0.98308
30092,"HONORHEALTH DEER VALLEY MEDICAL CENTER",6,1.0729
30093,"BANNER DEL E. WEBB MEDICAL CENTER",5,0.9878
30094,"ABRAZO ARROWHEAD HOSPITAL",6,1.00073333333333
30101,"WESTERN ARIZONA REGIONAL MEDICAL CENTER",5,0.97964
30103,"MAYO CLINIC HOSPITAL",6,1.00253333333333
30114,"ORO VALLEY HOSPITAL",5,0.94206
30115,"BANNER ESTRELLA MEDICAL CENTER",5,1.00396
30119,"MERCY GILBERT MEDICAL CENTER",5,1.01916
30121,"HONORHEALTH MOUNTAIN VISTA MEDICAL CENTER",5,0.98752
30123,"HONORHEALTH SCOTTSDALE THOMPSON PEAK MED CTR",5,1.03938
40004,"WASHINGTON REGIONAL MEDICAL CENTER",6,0.908016666666667
40007,"CHI-ST VINCENT INFIRMARY",5,0.95914
40010,"MERCY HOSPITAL NORTHWEST ARKANSAS",5,0.98896
40014,"WHITE COUNTY MEDICAL CENTER",5,1.01718
40020,"ST BERNARDS MEDICAL CENTER",5,1.07704
40026,"CHI ST. VINCENT HOSPITAL HOT SPRINGS",6,1.02621666666667
40027,"BAXTER HEALTH",6,1.09983333333333
40036,"BAPTIST HEALTH MEDICAL CENTER NORTH LITTLE ROCK",6,1.04943333333333
40041,"ST MARYS REGIONAL MEDICAL CENTER",5,0.949
40055,"BAPTIST HEALTH - FORT SMITH",5,1.03146
40062,"MERCY HOSPITAL FORT SMITH",6,0.969516666666667
40071,"JEFFERSON REGIONAL MEDICAL CENTER",5,0.9715
40078,"NATIONAL PARK MEDICAL CENTER",6,0.995733333333333
40084,"SALINE MEMORIAL HOSPITAL",5,1.00154
40114,"BAPTIST HEALTH MEDICAL CENTER-LITTLE ROCK",6,1.0051
40118,"BAPTIST MEMORIAL HOSPITAL JONESBORO, INC.",5,1.0476
40119,"WHITE RIVER MEDICAL CENTER",5,0.9471
40134,"ARKANSAS HEART HOSPITAL, LLC",5,1.0296
50002,"ST ROSE HOSPITAL",5,1.11552
50006,"PROVIDENCE ST JOSEPH HOSPITAL",6,0.922266666666667
50007,"PENINSULA MEDICAL CENTER",6,0.9623
50009,"PROVIDENCE QUEEN OF THE VALLEY MEDICAL CENTER",6,0.955633333333333
50013,"ADVENTIST HEALTH ST HELENA",5,0.94006
50017,"MERCY GENERAL HOSPITAL",6,1.05135
50022,"RIVERSIDE COMMUNITY HOSPITAL",6,1.05875
50025,"UC SAN DIEGO HEALTH HILLCREST - HILLCREST MED CTR",6,1.00891666666667
50026,"GROSSMONT HOSPITAL",6,1.04231666666667
50030,"OROVILLE HOSPITAL",5,1.24836
50036,"BAKERSFIELD MEMORIAL HOSPITAL",6,1.01303333333333
50038,"SANTA CLARA VALLEY MEDICAL CENTER",6,1.00475
50039,"ENLOE HEALTH",6,1.00478333333333
50043,"ALTA BATES SUMMIT MEDICAL CENTER",6,0.930583333333333
50047,"CALIFORNIA PACIFIC MEDICAL CENTER- VAN NESS CAMPUS",5,1.04788
50057,"KAWEAH HEALTH MEDICAL CENTER",6,0.9696
50058,"GLENDALE MEM HOSPITAL & HLTH CENTER",5,1.00082
50060,"COMMUNITY REGIONAL MEDICAL CENTER",5,1.07098
50063,"HOLLYWOOD PRESBYTERIAN MEDICAL CENTER",5,0.98714
50069,"PROVIDENCE ST. JOSEPH HOSPITAL",6,0.984183333333333
50077,"SCRIPPS MERCY HOSPITAL",6,1.01463333333333
50082,"ST JOHNS REGIONAL MEDICAL CENTER",6,0.967366666666667
50084,"ST JOSEPH'S MEDICAL CENTER OF STOCKTON",5,1.03036
50093,"SAINT AGNES MEDICAL CENTER",6,1.06886666666667
50099,"SAN ANTONIO REGIONAL HOSPITAL",5,0.9662
50100,"SHARP MEMORIAL HOSPITAL",6,1.03016666666667
50107,"MARIAN REGIONAL MEDICAL CENTER",6,0.99695
50108,"SUTTER MEDICAL CENTER, SACRAMENTO",6,0.957166666666667
50112,"SANTA MONICA - UCLA MED CTR & ORTHOPAEDIC HOSPITAL",5,1.03598
50115,"PALOMAR HEALTH DOWNTOWN CAMPUS",6,1.00595
50116,"NORTHRIDGE HOSPITAL MEDICAL CENTER",6,1.0117
50121,"ADVENTIST HEALTH HANFORD",5,0.97282
50122,"DAMERON HOSPITAL",5,0.98448
50125,"REGIONAL MEDICAL CENTER OF SAN JOSE",5,1.1279
50126,"VALLEY PRESBYTERIAN HOSPITAL",5,1.05762
50128,"TRI-CITY MEDICAL CENTER",5,1.03268
50129,"ST BERNARDINE MEDICAL CENTER",6,1.05795
50133,"ADVENTIST HEALTH AND RIDEOUT",5,1.02728
50145,"COMMUNITY HOSPITAL OF THE MONTEREY PENINSULA",6,0.992583333333333
50168,"PROVIDENCE ST. JUDE MEDICAL CENTER",6,0.989083333333333
50169,"PIH HEALTH HOSPITAL-WHITTIER",6,0.99185
50174,"PROVIDENCE SANTA ROSA MEMORIAL HOSPITAL",6,0.993666666666667
50179,"EMANUEL MEDICAL CENTER",5,1.05698
50180,"JOHN MUIR MEDICAL CENTER - WALNUT CREEK CAMPUS",5,0.9243
50195,"WASHINGTON HOSPITAL",6,1.05685
50197,"SEQUOIA HOSPITAL",6,0.9176
50204,"PALMDALE REGIONAL MEDICAL CENTER",5,1.00266
50222,"SHARP CHULA VISTA MEDICAL CENTER",5,1.02698
50224,"HOAG MEMORIAL HOSPITAL PRESBYTERIAN",5,0.9293
50226,"AHMC ANAHEIM REGIONAL MEDICAL CENTER",5,1.01372
50228,"ZUCKERBERG SAN FRANCISCO GENERAL HOSP & TRAUMA CTR",5,1.10776
50231,"POMONA VALLEY HOSPITAL MEDICAL CENTER",6,0.9871
50232,"FRENCH HOSPITAL MEDICAL CENTER",6,0.940566666666667
50235,"PROVIDENCE SAINT JOSEPH MEDICAL CTR",6,1.07565
50236,"ADVENTIST HEALTH SIMI VALLEY",5,1.07298
50238,"USC ARCADIA HOSPITAL",5,0.99812
50239,"GLENDALE ADVENTIST MEDICAL CENTER",6,1.05411666666667
50242,"DOMINICAN HOSPITAL",6,1.01248333333333
50243,"DESERT REGIONAL MEDICAL CENTER",5,1.03464
50261,"SIERRA VIEW MEDICAL CENTER",5,1.00272
50262,"RONALD REAGAN UCLA MEDICAL CENTER",5,0.95896
50278,"PROVIDENCE HOLY CROSS MEDICAL CENTER",5,1.05154
50280,"MERCY MEDICAL CENTER REDDING",6,1.02178333333333
50283,"STANFORD HEALTH CARE TRI-VALLEY",6,0.9732
50290,"SAINT JOHN'S HEALTH CENTER",6,0.923833333333333
50291,"SUTTER SANTA ROSA REGIONAL HOSPITAL",5,0.9776
50300,"PROVIDENCE ST MARY MEDICAL CENTER",5,1.09354
50308,"EL CAMINO HEALTH",6,1.02803333333333
50309,"SUTTER ROSEVILLE MEDICAL CENTER",5,0.9807
50324,"SCRIPPS MEMORIAL HOSPITAL LA JOLLA",6,0.994566666666667
50327,"LOMA LINDA UNIVERSITY MEDICAL CENTER",5,0.95758
50334,"SALINAS VALLEY MEMORIAL HOSPITAL",5,1.00488
50348,"UCI HEALTH-ORANGE",6,0.989316666666667
50350,"ADVENTIST HEALTH WHITE MEMORIAL MONTEBELLO",5,0.99792
50351,"TORRANCE MEMORIAL MEDICAL CENTER",6,1.00226666666667
50353,"PROVIDENCE LITTLE COMPANY OF MARY MED CTR TORRANCE",6,0.965733333333333
50360,"MARINHEALTH MEDICAL CENTER",6,0.956866666666667
50367,"NORTHBAY MEDICAL CENTER",6,1.01626666666667
50376,"LAC/HARBOR-UCLA MED CENTER",5,0.97974
50380,"GOOD SAMARITAN HOSPITAL",6,1.09003333333333
50382,"EMANATE HEALTH INTER-COMMUNITY HOSPITAL",6,1.0934
50394,"COMMUNITY MEMORIAL HOSPITAL - VENTURA",6,0.975266666666667
50396,"SANTA BARBARA COTTAGE HOSPITAL",6,0.9752
50438,"HUNTINGTON HOSPITAL",6,1.02428333333333
50441,"STANFORD HEALTH CARE",6,0.919516666666667
50454,"UCSF MEDICAL CENTER",6,0.976033333333333
50457,"UCSF HEALTH ST. MARY'S HOSPITAL",5,0.98152
50464,"DOCTORS MEDICAL CENTER",5,1.09078
50471,"PIH HEALTH GOOD SAMARITAN HOSPITAL",6,1.07235
50481,"UCLA WEST VALLEY MEDICAL CENTER",6,1.098
50485,"MEMORIALCARE LONG BEACH MEDICAL CENTER",6,1.04921666666667
50492,"CLOVIS COMMUNITY MEDICAL CENTER",6,0.994483333333333
50496,"JOHN MUIR MEDICAL CENTER - CONCORD CAMPUS",6,1.0218
50503,"SCRIPPS MEMORIAL HOSPITAL - ENCINITAS",5,1.00584
50516,"MERCY SAN JUAN MEDICAL CENTER",6,1.04351666666667
50549,"LOS ROBLES HOSPITAL & MEDICAL CENTER",6,1.02701666666667
50551,"UCI HEALTH - LOS ALAMITOS",5,1.10166
50557,"MEMORIAL MEDICAL CENTER",6,1.02771666666667
50567,"PROVIDENCE MISSION HOSPITAL",6,0.9864
50570,"UCI HEALTH - FOUNTAIN VALLEY",6,1.0204
50573,"EISENHOWER MEDICAL CENTER",6,0.939783333333333
50581,"UCI HEALTH-LAKEWOOD",5,1.04308
50599,"UNIVERSITY OF CALIFORNIA DAVIS MEDICAL CENTER",6,1.0145
50603,"MEMORIALCARE SADDLEBACK MEDICAL CENTER",5,0.9778
50625,"CEDARS-SINAI MEDICAL CENTER",6,0.924383333333333
50678,"MEMORIALCARE ORANGE COAST MEDICAL CENTER",6,0.985666666666667
50689,"SAN RAMON REGIONAL MEDICAL CENTER",5,0.97582
50696,"KECK HOSPITAL OF USC",5,0.9746
50709,"DESERT VALLEY HOSPITAL",5,1.12828
50737,"GARFIELD MEDICAL CENTER",5,1.04418
50755,"SHERMAN OAKS HOSPITAL",5,1.04634
50761,"PROVIDENCE CEDARS SINAI TARZANA MEDICAL CENTER",6,1.0341
50764,"SHASTA REGIONAL MEDICAL CENTER",6,1.0875
50770,"LOMA LINDA UNIVERSITY MEDICAL CENTER-MURRIETA",5,1.01564
50775,"TEMECULA VALLEY HOSPITAL",6,1.01001666666667
60001,"BANNER NORTH COLORADO MEDICAL CENTER",6,0.940516666666667
60010,"POUDRE VALLEY HOSPITAL",5,0.88586
60015,"CENTURA HEALTH-ST ANTHONY HOSPITAL",5,0.95828
60020,"PARKVIEW MEDICAL CENTER, INC",6,0.979366666666667
60022,"UCH-MEMORIAL HEALTH SYSTEM",6,0.931166666666667
60023,"INTERMOUNTAIN HEALTH ST. MARY'S REGIONAL HOSPITAL",6,0.909816666666667
60024,"UNIVERSITY OF COLORADO HOSPITAL AUTHORITY",6,0.943283333333333
60027,"BOULDER COMMUNITY HEALTH",6,0.9801
60031,"CENTURA HEALTH-PENROSE ST FRANCIS HEALTH SERVICES",6,0.986266666666667
60032,"HCA HEALTHONE ROSE",5,1.05786
60034,"HCA-HEALTHONE DBA SWEDISH MEDICAL CENTER",6,0.957566666666667
60064,"AdventHealth Porter",6,1.01315
60075,"VALLEY VIEW HOSPITAL ASSOCIATION",5,0.93938
60100,"THE MEDICAL CENTER OF AURORA & SOUTH HOSPITAL",6,0.98155
60112,"SKY RIDGE MEDICAL CENTER",5,1.06512
60113,"AdventHealth Littleton",5,1.03654
60114,"AdventHealth Parker",5,0.92828
60119,"MEDICAL CENTER OF THE ROCKIES",6,0.922466666666667
70002,"ST FRANCIS HOSPITAL & MEDICAL CENTER",6,0.9641
70005,"WATERBURY HOSPITAL",5,0.97906
70006,"STAMFORD HOSPITAL",6,0.966433333333333
70010,"BRIDGEPORT HOSPITAL",6,1.00025
70018,"GREENWICH HOSPITAL ASSOCIATION -",5,1.00108
70020,"MIDDLESEX HOSPITAL",5,1.03492
70022,"YALE-NEW HAVEN HOSPITAL",6,0.99775
70025,"HARTFORD HOSPITAL",6,1.03556666666667
70028,"ST VINCENT'S MEDICAL CENTER",6,0.985616666666667
70033,"DANBURY HOSPITAL",6,0.9528
80001,"CHRISTIANA HOSPITAL",6,0.9122
80004,"BAYHEALTH MEDICAL CENTER, KENT CAMPUS",6,1.04695
80007,"BEEBE MEDICAL CENTER",6,1.02108333333333
80009,"BAYHEALTH HOSPITAL, SUSSEX CAMPUS",5,0.96466
90001,"GEORGE WASHINGTON UNIV HOSPITAL",6,0.979666666666667
90005,"SIBLEY MEMORIAL HOSPITAL",5,0.98006
90011,"MEDSTAR WASHINGTON HOSPITAL CENTER",6,0.986683333333333
100001,"SHANDS JACKSONVILLE",5,1.00306
100002,"BETHESDA HOSPITAL EAST",6,1.04031666666667
100006,"ORLANDO HEALTH",6,1.00736666666667
100007,"ADVENTHEALTH ORLANDO",6,1.14258333333333
100008,"BAPTIST HOSPITAL OF MIAMI",5,1.00216
100012,"LEE MEMORIAL HOSPITAL",6,0.954933333333333
100014,"ADVENTHEALTH NEW SMYRNA BEACH",5,0.96706
100017,"HALIFAX HEALTH MEDICAL CENTER",6,1.02415
100018,"NAPLES COMMUNITY HOSPITAL",6,1.02376666666667
100019,"HOLMES REGIONAL MEDICAL CENTER",6,0.860533333333333
100023,"HCA FLORIDA CITRUS HOSPITAL",6,0.997066666666667
100025,"SACRED HEART HOSPITAL",6,1.02086666666667
100026,"ASCENSION SACRED HEART BAY",5,0.99892
100028,"PARRISH MEDICAL CENTER",5,0.96784
100029,"NORTH SHORE MEDICAL CENTER",5,1.0087
100030,"ORLANDO HEALTH-HEALTH CENTRAL HOSPITAL",5,1.01938
100032,"ORLANDO HEALTH BAYFRONT HOSPITAL",5,1.02736
100034,"MOUNT SINAI MEDICAL CENTER OF FLORIDA, INC",6,1.0235
100035,"MANATEE MEMORIAL HOSPITAL",6,1.00621666666667
100038,"MEMORIAL REGIONAL HOSPITAL",6,1.06705
100039,"BROWARD HEALTH MEDICAL CENTER",5,1.00934
100040,"ASCENSION ST VINCENT'S RIVERSIDE",6,1.03571666666667
100044,"CLEVELAND CLINIC MARTIN NORTH HOSPITAL",6,1.0773
100051,"ORLANDO HEALTH SOUTH LAKE HOSPITAL",5,1.08182
100052,"WINTER HAVEN HOSPITAL",5,1.05478
100057,"ADVENTHEALTH WATERMAN",6,1.0225
100062,"ADVENTHEALTH OCALA",6,1.00525
100068,"ADVENTHEALTH DAYTONA BEACH",6,0.9779
100069,"AdventHealth Carrollwood",5,1.03676
100073,"HOLY CROSS HOSPITAL",6,0.967333333333333
100075,"ST JOSEPHS HOSPITAL",5,0.9839
100077,"Adventhealth Port Charlotte",5,1.0938
100080,"HCA FLORIDA JFK HOSPITAL",6,1.07651666666667
100084,"UF HEALTH LEESBURG HOSPITAL",6,0.993516666666667
100086,"BROWARD HEALTH NORTH",5,1.115
100087,"SARASOTA MEMORIAL HOSPITAL",6,0.934433333333333
100088,"BAPTIST HEALTH MEDICAL CENTER - JACKSONVILLE",6,1.04383333333333
100090,"FLAGLER HOSPITAL",6,0.987366666666667
100092,"ORLANDO HEALTH ROCKLEDGE HOSPITAL",5,0.99214
100093,"BAPTIST HOSPITAL",6,1.00358333333333
100105,"CLEVELAND CLINIC INDIAN RIVER HOSPITAL",6,0.94705
100109,"ADVENTHEALTH SEBRING",5,0.98926
100110,"HCA FLORIDA OSCEOLA HOSPITAL",5,1.05268
100113,"UF HEALTH SHANDS HOSPITAL",6,0.989383333333333
100117,"BAPTIST MEDICAL CENTER  BEACHES",5,0.97198
100118,"AdventHealth Palm Coast",5,1.00712
100126,"HCA FLORIDA PASADENA HOSPITAL A PART OF HCA FLORID",5,1.07884
100127,"MORTON PLANT HOSPITAL",6,0.961483333333333
100128,"TAMPA GENERAL HOSPITAL",6,1.05231666666667
100131,"HCA FLORIDA AVENTURA HOSPITAL",5,1.02104
100135,"TALLAHASSEE MEMORIAL HEALTHCARE",6,0.987833333333333
100137,"ADVENTHEALTH HEART OF FLORIDA",5,1.06254
100151,"MAYO CLINIC",6,0.99015
100154,"SOUTH MIAMI HOSPITAL",5,0.99388
100157,"LAKELAND REGIONAL MEDICAL CENTER",6,1.0404
100161,"CENTRAL FLORIDA LAKE MONROE HOSPITAL",6,1.02583333333333
100166,"HCA FLORIDA SARASOTA DOCTORS HOSPITAL",5,1.02302
100167,"HCA FLORIDA MERCY HOSPITAL",5,1.06428
100168,"BOCA RATON REGIONAL HOSPITAL",6,1.0514
100173,"ADVENTHEALTH TAMPA",6,1.0156
100176,"PALM BEACH GARDENS MEDICAL CENTER",6,1.05165
100177,"CAPE CANAVERAL HOSPITAL",5,0.95066
100179,"HCA FLORIDA MEMORIAL HOSPITAL",6,1.01225
100187,"PALMETTO GENERAL HOSPITAL",5,0.97628
100191,"HCA FLORIDA TRINITY HOSPITAL",5,1.1332
100204,"HCA FLORIDA NORTH FLORIDA HOSPITAL",6,0.992583333333333
100212,"MARION COMMUNTIY HOSPITAL",6,1.0749
100213,"HCA FLORIDA BLAKE HOSPITAL",6,1.02933333333333
100220,"GULF COAST MEDICAL CENTER LEE HEALTH",5,0.9778
100223,"HCA FLORIDA FORT WALTON-DESTIN HOSPITAL",6,1.08536666666667
100226,"HCA FLORIDA ORANGE PARK HOSPITAL",6,1.04315
100228,"WESTSIDE REGIONAL MEDICAL CENTER",5,1.01524
100231,"HCA FLORIDA WEST HOSPITAL",6,1.04305
100232,"HCA FLORIDA PUTNAM HOSPITAL",5,1.0545
100236,"HCA FLORIDA FAWCETT HOSPITAL",6,1.04745
100238,"HCA FLORIDA NORTHSIDE HOSPITAL",6,1.13598333333333
100242,"HCA FLORIDA GULF COAST HOSPITAL",5,1.04852
100243,"HCA FLORIDA BRANDON HOSPITAL",6,1.03091666666667
100246,"HCA FLORIDA LAWNWOOD HOSPITAL",5,1.09472
100248,"HCA FLORIDA LARGO HOSPITAL",5,1.01782
100249,"TAMPA GENERAL HOSPITAL CRYSTAL RIVER",5,0.98948
100253,"JUPITER MEDICAL CENTER",6,1.06043333333333
100254,"HCA FLORIDA CAPITAL HOSPITAL",6,1.03656666666667
100256,"HCA FLORIDA BAYONET POINT HOSPITAL",6,1.07983333333333
100258,"DELRAY MEDICAL CENTER",6,1.07251666666667
100259,"HCA FLORIDA SOUTH SHORE HOSPITAL",5,1.08704
100260,"ST LUCIE MEDICAL CENTER",5,1.20138
100264,"HCA FLORIDA OAK HILL HOSPITAL",6,1.11201666666667
100267,"HCA FLORIDA ENGLEWOOD HOSPITAL",5,1.02072
100275,"WELLINGTON REGIONAL MEDICAL CENTER",5,1.03484
100281,"MEMORIAL HOSPITAL WEST",5,1.0918
100286,"PHYSICIANS REGIONAL MEDICAL CENTER - PINE RIDGE",6,1.03325
100287,"GOOD SAMARITAN MEDICAL CENTER",5,1.1538
100289,"CLEVELAND CLINIC HOSPITAL",6,0.957466666666667
100290,"VILLAGES REGIONAL HOSPITAL, THE",5,1.00436
100291,"ORLANDO HEALTH MELBOURNE HOSPITAL",5,1.0113
100299,"LAKEWOOD RANCH MEDICAL CENTER",5,1.00326
100307,"ASCENSION ST VINCENT'S SOUTHSIDE",5,1.00154
100316,"PALM BAY HOSPITAL",5,0.90718
100319,"ADVENTHEALTH WESLEY CHAPEL",5,1.034
100321,"ASCENSION ST VINCENT'S CLAY COUNTY",5,1.03486
100359,"SARASOTA MEMORIAL HOSPITAL - VENICE",5,0.94912
110001,"HAMILTON MEDICAL CENTER",5,1.03026
110005,"NORTHSIDE HOSPITAL FORSYTH",5,0.94302
110006,"ST MARY'S HOSPITAL",5,1.12386
110007,"PHOEBE PUTNEY MEMORIAL HOSPITAL",6,1.03865
110008,"NORTHSIDE HOSPITAL CHEROKEE",5,0.95856
110010,"EMORY UNIVERSITY HOSPITAL",6,0.996966666666667
110018,"PIEDMONT NEWTON HOSPITAL",5,1.00106
110025,"SOUTHEAST GEORGIA HEALTH SYSTEM- BRUNSWICK CAMPUS",5,1.01854
110028,"PIEDMONT AUGUSTA HOSPITAL",6,1.00563333333333
110029,"NORTHEAST GEORGIA MEDICAL CENTER, INC",6,0.983383333333333
110034,"WELLSTAR MCG HEALTH, AFFILIATED WITH MED COL",5,1.03112
110035,"WELLSTAR KENNESTONE REGIONAL MEDICAL CENTER",6,0.988816666666667
110036,"SAVANNAH HEALTH SERVICES LLC DBA MEMORIAL HEALTH UNIVERSITY MEDICAL CENTER",6,1.10545
110038,"ARCHBOLD MEMORIAL HOSPITAL",5,0.9957
110043,"ST JOSEPH'S HOSPITAL - SAVANNAH",6,0.980683333333333
110054,"ATRIUM HEALTH FLOYD MEDICAL CENTER",5,1.04984
110069,"EMORY HOUSTON HOSPITAL WARNER ROBINS",5,1.0219
110074,"PIEDMONT ATHENS REGIONAL MEDICAL CENTER",5,1.0206
110075,"EAST GEORGIA REGIONAL MEDICAL CENTER",5,1.00652
110076,"EMORY DECATUR HOSPITAL",5,1.06246
110078,"EMORY UNIVERSITY HOSPITAL MIDTOWN",5,1.0116
110082,"SAINT JOSEPH'S HOSPITAL OF ATLANTA, INC",5,1.04438
110083,"PIEDMONT HOSPITAL, INC",6,1.01316666666667
110087,"NORTHSIDE HOSPITAL GWINNETT",6,0.963833333333333
110107,"ATRIUM HEALTH NAVICENT THE MEDICAL CENTER",6,0.972516666666667
110122,"SGMC HEALTH",5,1.0144
110129,"ST FRANCIS HOSPITAL- EMORY HEALTHCARE",5,1.00094
110161,"NORTHSIDE HOSPITAL",5,1.03686
110164,"COLISEUM MEDICAL CENTERS, LLC, DBA",5,1.00892
110168,"ADVENTHEALTH REDMOND",6,1.00495
110177,"DOCTORS HOSPITAL",5,0.99146
110191,"PIEDMONT HENRY HOSPITAL",5,0.99864
110192,"PIEDMONT EASTSIDE MEDICAL CENTER",5,1.04026
110215,"PIEDMONT FAYETTE HOSPITAL",5,1.02876
110229,"PIEDMONT NEWNAN HOSPITAL, INC",5,0.9841
110230,"EMORY JOHNS CREEK HOSPITAL",5,0.98154
120001,"THE QUEENS MEDICAL CENTER",6,1.01756666666667
120006,"ADVENTIST HEALTH CASTLE",5,0.98438
120022,"STRAUB CLINIC AND HOSPITAL",6,0.9624
130006,"ST LUKE'S REGIONAL MEDICAL CENTER",6,0.89575
130007,"SAINT ALPHONSUS REGIONAL MEDICAL CENTER",6,0.96665
130013,"SAINT ALPHONSUS MEDICAL CENTER - NAMPA",5,0.99578
130018,"EASTERN IDAHO REGIONAL MEDICAL CENTER",6,0.967283333333333
130028,"PORTNEUF MEDICAL CENTER",6,0.968533333333333
130049,"KOOTENAI HEALTH",6,0.900566666666667
140002,"ALTON MEMORIAL HOSPITAL",5,1.06956
140007,"SAINT JOSEPH MEDICAL CENTER",6,1.02421666666667
140010,"NORTHSHORE UNIVERSITY HEALTHSYSTEM - EVANSTON HOSPITAL",6,0.985816666666667
140015,"BLESSING HOSPITAL",6,0.9859
140029,"COPLEY MEMORIAL HOSPITAL",6,0.978616666666667
140030,"ADVOCATE SHERMAN HOSPITAL",5,1.05672
140043,"CGH MEDICAL CENTER",5,1.04392
140046,"GOOD SAMARITAN REGIONAL HLTH CENTER",5,1.00392
140048,"ADVOCATE TRINITY HOSPITAL",5,1.05468
140053,"ST JOHNS HOSPITAL",5,0.94686
140062,"PALOS COMMUNITY HOSPITAL",6,1.08433333333333
140065,"UCHICAGO MEDICINE ADVENTHEALTH LA GRANGE",5,0.98648
140067,"SAINT FRANCIS MEDICAL CENTER",6,1.00753333333333
140080,"SAINT FRANCIS HOSPITAL-EVANSTON",5,1.0464
140082,"LOUIS A WEISS MEMORIAL HOSPITAL",5,1.10118
140088,"THE UNIVERSITY OF CHICAGO MEDICAL CENTER",5,1.01936
140091,"CARLE FOUNDATION HOSPITAL",6,1.06075
140101,"MORRIS HOSPITAL & HEALTHCARE CENTERS",5,1.01052
140113,"OSF HEART OF MARY MEDICAL CENTER",5,1.02686
140116,"NORTHWESTERN MEDICINE MCHENRY",6,1.04335
140117,"AMITA HEALTH RESURRECTION MEDICAL CENTER",6,0.9972
140119,"RUSH UNIVERSITY MEDICAL CENTER",6,0.972466666666667
140122,"UCHICAGO MEDICINE ADVENTHEALTH HINSDALE",5,0.96594
140127,"CARLE BROMENN MEDICAL CENTER",6,1.14395
140130,"NORTHWESTERN LAKE FOREST HOSPITAL",5,0.95086
140148,"MEMORIAL MEDICAL CENTER",5,0.99284
140150,"UNIVERSITY OF ILLINOIS HOSPITAL AND CLINICS",5,1.02804
140155,"PRESENCE ST MARYS HOSPITAL",5,0.90706
140162,"ST JOSEPH MEDICAL CENTER",6,1.02646666666667
140164,"MEMORIAL HOSPITAL OF CARBONDALE",5,1.02854
140172,"FRANCISCAN HEALTH OLYMPIA & CHICAGO HEIGHTS",5,1.03166
140185,"MEMORIAL HOSPITAL",6,1.02458333333333
140186,"RIVERSIDE MEDICAL CENTER",5,0.99814
140187,"HSHS ST ELIZABETH'S HOSPITAL",6,1.01136666666667
140189,"SARAH BUSH LINCOLN HEALTH CENTER",5,1.01354
140191,"INGALLS MEMORIAL HOSPITAL",5,1.05312
140200,"ELMHURST MEMORIAL HOSPITAL",6,1.05568333333333
140202,"ADVOCATE CONDELL MEDICAL CENTER",6,0.9702
140208,"ADVOCATE CHRIST HOSPITAL & MEDICAL CENTER",6,1.12013333333333
140209,"CARLE HEALTH METHODIST HOSPITAL",5,1.02792
140211,"NORTHWESTERN MEDICINE DELNOR COMMUNITY HOSPITAL",5,1.00458
140213,"SILVER CROSS HOSPITAL  AND MEDICAL CENTERS",6,0.993533333333333
140217,"SAINT JOSEPH HOSPITAL-ELGIN",5,0.98976
140223,"ADVOCATE LUTHERAN GENERAL HOSPITAL",6,1.03373333333333
140224,"PRESENCE SAINT JOSEPH HOSPITAL - CHICAGO",5,0.9797
140228,"UW HEALTH",5,1.08566
140231,"EDWARD HOSPITAL",6,1.0712
140233,"SAINT ANTHONY MEDICAL CENTER",6,1.10906666666667
140239,"JAVON BEA HOSPITAL",5,0.97082
140242,"NORTHWESTERN MEDICINE CENTRAL DUPAGE HOSPITAL",6,0.968766666666667
140252,"NORTHWEST COMMUNITY HOSPITAL 1",6,1.01791666666667
140258,"ALEXIAN BROTHERS MEDICAL CENTER 1",6,1.02371666666667
140275,"GENESIS HLTH SYSTEM DBA GENESIS MDL CTR-ILLINI",5,0.94766
140276,"LOYOLA UNIVERSITY MEDICAL CENTER",6,1.04581666666667
140280,"TRINITY ROCK ISLAND",6,1.02831666666667
140281,"NORTHWESTERN MEMORIAL HOSPITAL",6,1.01065
140288,"ADVOCATE GOOD SAMARITAN HOSPITAL",6,1.01748333333333
140289,"ANDERSON HOSPITAL",5,1.0323
140290,"ST ALEXIUS MEDICAL CENTER",5,0.97214
140291,"ADVOCATE GOOD SHEPHERD HOSPITAL",6,1.05988333333333
150005,"HENDRICKS REGIONAL HEALTH",5,0.97444
150007,"COMMUNITY HOWARD REGIONAL HEALTH INC.",5,0.94862
150012,"SAINT JOSEPH REGIONAL MEDICAL CENTER",5,1.00122
150015,"FRANCISCAN HEALTH MICHIGAN CITY",5,1.08554
150017,"LUTHERAN HOSPITAL OF INDIANA",5,0.9927
150018,"ELKHART GENERAL HOSPITAL",6,0.9759
150021,"PARKVIEW REGIONAL MEDICAL CENTER",5,0.99264
150023,"UNION HOSPITAL INC",6,1.0685
150034,"ST MARY MEDICAL CENTER INC",6,1.01311666666667
150035,"NORTHWEST HEALTH - PORTER",6,1.0302
150042,"GOOD SAMARITAN HOSPITAL",5,1.01634
150044,"BAPTIST HEALTH FLOYD",6,0.987916666666667
150046,"TERRE HAUTE REGIONAL HOSPITAL",5,1.06708
150048,"REID HEALTH",6,1.04853333333333
150051,"INDIANA UNIVERSITY HEALTH BLOOMINGTON HOSPITAL",6,0.929666666666667
150056,"INDIANA UNIVERSITY HEALTH",6,0.989233333333333
150058,"MEMORIAL HOSPITAL OF SOUTH BEND",6,0.9749
150074,"COMMUNITY HOSPITAL EAST",6,1.02626666666667
150082,"DEACONESS HOSPITAL INC",6,1.04565
150084,"ASCENSION ST VINCENT HOSPITAL",6,1.01591666666667
150089,"INDIANA UNIVERSITY HEALTH BALL MEMORIAL HOSPITAL",6,0.990683333333333
150100,"ASCENSION ST VINCENT EVANSVILLE",6,0.916016666666667
150104,"WITHAM HEALTH SERVICES",5,1.02532
150109,"FRANCISCAN HEALTH LAFAYETTE",6,0.989466666666667
150112,"COLUMBUS REGIONAL HOSPITAL",6,1.02305
150113,"COMMUNITY HOSPITAL OF ANDERSON AND MADISON COUNTY",5,0.93952
150115,"MEMORIAL HOSPITAL AND HEALTH CARE CENTER",5,0.92898
150125,"COMMUNITY HOSPITAL",6,1.04855
150126,"FRANCISCAN HEALTH CROWN POINT",6,1.01351666666667
150128,"COMMUNITY HOSPITAL SOUTH, INC.",5,0.99936
150158,"IU HEALTH WEST HOSPITAL",5,1.01732
150162,"FRANCISCAN HEALTH INDIANAPOLIS",5,1.01462
150165,"FRANCISCAN HEALTH MUNSTER",5,1.04292
150173,"INDIANA UNIVERSITY HEALTH ARNETT HOSPITAL",6,0.9852
160029,"UNIVERSITY OF IOWA HEALTH CARE MEDICAL CENTER DOWN",5,0.97572
160030,"MARY GREELEY MEDICAL CENTER",5,0.94412
160033,"GENESIS MEDICAL CENTER-DAVENPORT",6,1.06488333333333
160045,"ST LUKES HOSPITAL",6,1.0063
160047,"METHODIST JENNIE EDMUNDSON",5,0.97962
160057,"SOUTHEAST IOWA REGIONAL MEDICAL CENTER",5,0.97248
160058,"UNIVERSITY OF IOWA HOSPITAL & CLINICS",6,0.962033333333333
160064,"MERCYONE NORTH IOWA MEDICAL CENTER",6,1.00146666666667
160067,"MERCYONE WATERLOO MEDICAL CENTER",5,0.90228
160079,"MERCY MEDICAL CENTER - CEDAR RAPIDS",6,0.9344
160082,"UNITYPOINT HEALTH - DES MOINES IOWA METHODIST MEDI",6,0.94635
160083,"MERCYONE DES MOINES MEDICAL CENTER",6,0.927416666666667
160104,"TRINITY - BETTENDORF",5,1.00062
160110,"ALLEN HOSPITAL",6,0.980016666666667
160117,"FINLEY HOSPITAL",5,0.99338
160153,"MERCYONE SIOUXLAND MEDICAL CENTER",6,0.970516666666667
170006,"MERCY HOSPITAL PITTSBURG, INC",5,0.98394
170012,"SALINA REGIONAL HEALTH CENTER",6,0.893483333333333
170013,"HAYS MEDICAL CENTER",6,0.947316666666667
170016,"UNIVERSITY OF KANSAS HEALTH SYSTEM - ST FRANCIS CAMPUS",6,0.98535
170020,"HUTCHINSON REGIONAL MEDICAL CENTER INC",6,0.987916666666667
170040,"UNIVERSITY OF KANSAS HOSPITAL",5,0.93802
170049,"UNIVERSITY OF KANSAS HEALTH SYSTEM OLATHE HOSPITAL",5,0.95468
170086,"STORMONT VAIL HOSPITAL",6,0.981233333333333
170104,"ADVENTHEALTH SHAWNEE MISSION",6,1.00005
170122,"ASCENSION VIA CHRISTI HOSPITALS WICHITA, INC.",6,0.936466666666667
170123,"WESLEY MEDICAL CENTER",6,0.889833333333333
170137,"LMH",5,0.97528
170142,"ASCENSION VIA CHRISTI HOSPITAL MANHATTAN, INC",5,0.91828
170146,"PROVIDENCE MEDICAL CENTER",5,1.02172
170176,"OVERLAND PARK REG MED CTR",6,1.07096666666667
170182,"MENORAH MEDICAL CENTER",5,1.03748
170185,"SAINT LUKE'S SOUTH HOSPITAL",5,1.06642
170197,"KANSAS MEDICAL CENTER LLC",5,0.9757
180009,"KING'S DAUGHTERS' MEDICAL CENTER",6,1.036
180010,"SAINT JOSEPH HOSPITAL",6,1.04956666666667
180011,"SAINT JOSEPH LONDON",5,1.0326
180013,"THE MEDICAL CENTER (BOWLING GREEN)",5,0.94938
180017,"T J SAMSON COMMUNITY HOSPITAL",5,0.97348
180027,"MURRAY-CALLOWAY COUNTY HOSPITAL",5,1.00558
180035,"ST ELIZABETH EDGEWOOD",6,1.01626666666667
180038,"OWENSBORO HEALTH REGIONAL HOSPITAL",5,0.9789
180040,"UOFL HEALTH - JEWISH HOSPITAL and Mary & Elizabeth Hospital",6,0.98205
180044,"PIKEVILLE MEDICAL CENTER",5,1.0601
180067,"UNIVERSITY OF KENTUCKY HOSPITAL",5,0.89454
180088,"NORTON HOSPITALS, INC",6,1.07608333333333
180093,"BAPTIST HEALTH DEACONESS MADISONVILLE",5,0.97394
180102,"MERCY HEALTH - LOURDES HOSPITAL",6,1.05656666666667
180103,"BAPTIST HEALTH LEXINGTON",6,1.0027
180104,"BAPTIST HEALTH PADUCAH",5,0.91446
180124,"TRISTAR GREENVIEW REGIONAL HOSPITAL",5,1.08916
180130,"BAPTIST HEALTH LOUISVILLE",6,0.988416666666667
190002,"OCHSNER LAFAYETTE GENERAL MEDICAL CENTER",6,0.998833333333333
190004,"THIBODAUX REGIONAL MEDICAL CENTER",5,0.95896
190008,"TERREBONNE GENERAL MEDICAL CENTER - PARISH",5,0.99388
190015,"NORTH OAKS MEDICAL CENTER",5,1.05606
190017,"OPELOUSAS GENERAL HEALTH SYSTEM",5,1.02636
190019,"CHRISTUS ST FRANCES CABRINI HOSPITAL",5,1.00582
190026,"RAPIDES REGIONAL MEDICAL CENTER",5,1.00642
190027,"CHRISTUS OCHSNER ST PATRICK HOSPITAL",5,1.02448
190036,"OCHSNER MEDICAL CENTER ACUTE",6,1.00918333333333
190040,"SLIDELL MEMORIAL HOSPITAL",5,1.09044
190041,"CHRISTUS SHREVEPORT-BOSSIER HEALTH SYSTEM",6,1.009
190045,"ST TAMMANY PARISH HOSPITAL",6,1.01846666666667
190046,"TOURO INFIRMARY",6,0.987433333333333
190054,"IBERIA MEDICAL CENTER",5,0.98826
190060,"LAKE CHARLES MEMORIAL HOSPITAL",5,0.9856
190064,"OUR LADY OF THE LAKE REGIONAL MEDICAL CENTER",5,0.9261
190065,"BATON ROUGE GENERAL MEDICAL CENTER",6,1.03655
190102,"OUR LADY OF LOURDES REGIONAL MEDICAL CENTER, INC",5,1.03222
190111,"WILLIS KNIGHTON MEDICAL CENTER",6,1.02093333333333
190125,"ST FRANCIS MEDICAL CENTER",5,0.9717
190160,"GLENWOOD REGIONAL MEDICAL CENTER",6,1.07385
190176,"EAST JEFFERSON GENERAL HOSPITAL",6,1.01183333333333
200001,"ST JOSEPH HOSPITAL",5,1.0125
200009,"MAINEHEALTH MAINE MEDICAL CENTER",6,0.93615
200024,"CENTRAL MAINE MEDICAL CENTER",5,0.92442
200033,"NORTHERN LIGHT EASTERN MAINE MEDICAL CENTER",6,0.814433333333333
210001,"MERITUS MEDICAL CENTER",5,1.02216
210002,"UNIVERSITY OF MARYLAND MEDICAL CENTER",5,0.96686
210003,"UNIVERSITY OF MD CAPITAL REGION MEDICAL CENTER",5,0.99374
210004,"HOLY CROSS HOSPITAL",5,0.97708
210005,"FREDERICK HEALTH HOSPITAL",5,0.97816
210009,"JOHNS HOPKINS HOSPITAL, THE",5,0.95286
210011,"SAINT AGNES HOSPITAL",5,1.03904
210012,"SINAI HOSPITAL OF BALTIMORE",6,0.920983333333333
210016,"ADVENTIST HEALTHCARE WHITE OAK MEDICAL CENTER",6,1.03836666666667
210018,"MEDSTAR MONTGOMERY MEDICAL CENTER",5,0.96944
210019,"TIDALHEALTH PENINSULA REGIONAL, INC",6,0.93785
210022,"SUBURBAN HOSPITAL",6,1.01508333333333
210023,"LUMINIS HEALTH ANNE ARUNDEL MEDICAL CENTER, INC",6,1.01951666666667
210024,"MEDSTAR UNION MEMORIAL HOSPITAL",6,0.9009
210027,"WESTERN MARYLAND REGIONAL MEDICAL CENTER",6,0.9543
210028,"MEDSTAR SAINT MARY'S HOSPITAL",5,0.93232
210029,"JOHNS HOPKINS BAYVIEW MEDICAL CENTER",5,0.93364
210032,"UNION HOSPITAL OF CECIL COUNTY",5,1.01486
210037,"UNIVERSITY OF MD SHORE MEDICAL CENTER AT EASTON",5,0.95108
210043,"UNIVERSITY OF MD BALTIMORE WASHINGTON MEDICAL CENTER",5,0.94848
210048,"JOHNS HOPKINS HOWARD COUNTY MEDICAL CENTER",5,1.04474
210049,"UMD UPPER CHESAPEAKE MEDICAL CENTER",5,0.9985
210057,"ADVENTIST HEALTHCARE SHADY GROVE MEDICAL CENTER",5,1.07106
210062,"MEDSTAR SOUTHERN MARYLAND HOSPITAL CENTER",5,0.99236
210063,"UNIVERSITY OF MD ST JOSEPH MEDICAL CENTER",6,0.985216666666667
210065,"HOLY CROSS GERMANTOWN HOSPITAL",5,1.06166
220002,"MOUNT AUBURN HOSPITAL",6,0.929966666666667
220010,"LAWRENCE GENERAL HOSPITAL",5,0.9945
220012,"CAPE COD HOSPITAL",6,1.11548333333333
220020,"SAINT ANNE'S HOSPITAL",5,1.01994
220031,"BOSTON MEDICAL CENTER",6,0.984666666666667
220033,"NORTHEAST HOSPITAL CORPORATION",5,1.01444
220035,"NORTH SHORE MEDICAL CENTER -",5,0.99166
220036,"BOSTON MEDICAL CENTER-BRIGHTON",6,1.0529
220046,"BERKSHIRE MEDICAL CENTER",5,0.95878
220052,"SIGNATURE HEALTHCARE BROCKTON HOSPITAL",5,1.00072
220060,"BETH ISRAEL DEACONESS HOSPITAL PLYMOUTH",5,0.96828
220063,"LOWELL GENERAL HOSPITAL",5,1.06006
220070,"MELROSEWAKEFIELD HEALTHCARE",5,1.15058
220071,"MASSACHUSETTS GENERAL HOSPITAL",6,0.916566666666667
220073,"BROWN UNIVERSITY HEALTH MORTON HOSPITAL",5,1.17146
220074,"SOUTHCOAST HOSPITALS GROUP",6,0.950583333333333
220077,"BAYSTATE MEDICAL CENTER",6,1.10656666666667
220080,"HOLY FAMILY HOSPITAL",5,1.15522
220086,"BETH ISRAEL DEACONESS MEDICAL CENTER",6,1.01936666666667
220090,"MILFORD REGIONAL MEDICAL CENTER",5,1.077
220100,"SOUTH SHORE HOSPITAL",5,1.06712
220101,"NEWTON-WELLESLEY HOSPITAL",5,1.00242
220105,"WINCHESTER HOSPITAL",5,1.22116
220110,"BRIGHAM AND WOMEN'S HOSPITAL",6,0.980883333333333
220111,"GOOD SAMARITAN MEDICAL CENTER",5,1.05292
220116,"TUFTS MEDICAL CENTER",6,1.13933333333333
220135,"FALMOUTH HOSPITAL",5,1.00438
220163,"UMASS MEMORIAL MEDICAL CENTER/UNIVERSITY CAMPUS",6,1.01368333333333
220171,"LAHEY HOSPITAL & MEDICAL CENTER, BURLINGTON",6,1.02933333333333
220176,"ST VINCENT HOSPITAL",6,1.05288333333333
230002,"ST JOE MERCY HOSPITAL SYSTEM LIVONIA",5,1.1346
230017,"BRONSON METHODIST HOSPITAL",6,0.95665
230019,"ASCENSION PROVIDENCE HOSPITAL, SOUTHFIELD AND NOVI",6,0.934966666666667
230020,"BEAUMONT HOSPITAL - DEARBORN",6,1.0579
230021,"LAKELAND HOSPITAL, ST JOSEPH",5,0.9619
230029,"TRINITY HEALTH OAKLAND HOSPITAL",6,1.07823333333333
230038,"SPECTRUM HEALTH",6,0.911466666666667
230041,"MCLAREN BAY REGION",6,1.1384
230046,"UNIVERSITY OF MICHIGAN HEALTH SYSTEM",6,1.00476666666667
230047,"HENRY FORD MACOMB HOSPITAL",5,0.95864
230053,"HENRY FORD HEALTH HOSPITAL",5,1.03312
230054,"UPHS MARQUETTE DLP HOSPITAL",6,0.9505
230059,"MERCY HEALTH SAINT MARY'S",5,1.02374
230066,"TRINITY HEALTH MUSKEGON HOSPITAL",6,0.918333333333333
230070,"COVENANT MEDICAL CENTER",6,0.993783333333333
230072,"HOLLAND COMMUNITY HOSPITAL",5,0.9508
230089,"BEAUMONT HOSPITAL - GROSSE POINTE",5,1.06682
230092,"HENRY FORD ALLEGIANCE HEALTH",5,1.02092
230097,"MUNSON MEDICAL CENTER",6,0.95895
230104,"HARPER UNIVERSITY HOSPITAL",5,1.004
230105,"MCLAREN NORTHERN MICHIGAN",6,0.9768
230117,"BORGESS MEDICAL CENTER",6,0.9499
230130,"BEAUMONT HOSPITAL ROYAL OAK",6,1.00871666666667
230132,"HURLEY MEDICAL CENTER",5,0.95754
230141,"MCLAREN FLINT",6,1.0906
230151,"BEAUMONT HOSPITAL - FARMINGTON HILLS",5,1.01186
230156,"TRINITY HEALTH ANN ARBOR HOSPITAL",6,0.987316666666667
230165,"HENRY FORD HEALTH ST JOHN HOSPITAL",5,1.01326
230167,"MCLAREN GREATER LANSING",6,1.00121666666667
230195,"Henry Ford Health Warren Hospital",5,1.08482
230197,"ASCENSION GENESYS HOSPITAL",6,0.997416666666667
230216,"MCLAREN PORT HURON",6,1.02976666666667
230222,"MYMICHIGAN MEDICAL CENTER MIDLAND",6,0.982966666666667
230227,"MCLAREN MACOMB",5,1.0187
230230,"EDWARD W SPARROW HOSPITAL",5,0.91948
230236,"UNIVERSITY OF MICHIGAN HEALTH - WEST",5,0.91776
230244,"GARDEN CITY HOSPITAL",5,1.07716
230254,"ASCENSION PROVIDENCE ROCHESTER HOSPITAL",6,1.01188333333333
230269,"BEAUMONT HOSPITAL, TROY",6,1.0296
230277,"HURON VALLEY-SINAI HOSPITAL",5,1.05278
240001,"NORTH MEMORIAL HEALTH HOSPITAL",5,1.06912
240002,"ESSENTIA HEALTH ST MARY'S MEDICAL CENTER",5,0.96802
240010,"MAYO CLINIC HOSPITAL ROCHESTER",6,0.89265
240036,"ST CLOUD HOSPITAL",6,0.941883333333333
240038,"ALLINA UNITED HOSPITAL",6,1.039
240047,"ST LUKES HOSPITAL",6,0.966033333333333
240053,"PARK NICOLLET METHODIST HOSPITAL",6,1.10311666666667
240056,"RIDGEVIEW MEDICAL CENTER",5,0.97084
240057,"ABBOTT NORTHWESTERN HOSPITAL",6,0.9671
240066,"LAKEVIEW MEMORIAL HOSPITAL",5,0.99284
240075,"ESSENTIA HEALTH ST JOSEPH'S MEDICAL CENTER",5,1.00192
240078,"M HEALTH FAIRVIEW SOUTHDALE HOSPITAL",6,0.9468
240080,"M HEALTH FAIRVIEW UNIVERSITY OF MN MEDICAL CENTER",6,0.963433333333333
240093,"MAYO CLINIC HEALTH SYSTEM - MANKATO",5,0.86782
240106,"REGIONS HOSPITAL",6,0.9905
240115,"MERCY HOSPITAL",6,0.981216666666667
240210,"M HEALTH FAIRVIEW ST JOHN'S HOSPITAL",5,0.94086
250001,"UNIVERSITY OF MISSISSIPPI MED CENTER",6,1.0227
250004,"NORTH MISSISSIPPI MEDICAL CENTER",6,0.945383333333333
250009,"MAGNOLIA REGIONAL HEALTH CENTER",6,1.03355
250019,"MEMORIAL HOSPITAL AT GULFPORT",6,1.02
250031,"MERIT HEALTH RIVER REGION",5,1.036
250034,"BAPTIST MEMORIAL HOSPITAL NORTH MS",6,1.06923333333333
250040,"SINGING RIVER HEALTH SYSTEM",6,1.04198333333333
250048,"ST DOMINIC-JACKSON MEMORIAL HOSPITAL",6,1.0281
250058,"SOUTH CENTRAL REG MED CTR",5,1.08512
250069,"OCHSNER RUSH HOSPITAL",5,0.96102
250078,"FORREST GENERAL HOSPITAL",6,1.03568333333333
250094,"MERIT HEALTH WESLEY",6,1.0092
250100,"BMH-GOLDEN TRIANGLE",5,0.94842
250102,"MISSISSIPPI BAPTIST MEDICAL CENTER",6,0.984066666666667
250104,"ANDERSON REGIONAL MEDICAL CENTER",6,0.97745
250138,"MERIT HEALTH RIVER OAKS",5,1.042
250141,"BAPTIST MEMORIAL HOSPITAL DESOTO",5,1.0191
260001,"MERCY HOSPITAL JOPLIN",5,1.03298
260006,"MOSAIC LIFE CARE AT ST JOSEPH",5,0.97082
260011,"SSM HEALTH ST. MARY'S HOSPITAL - JEFFERSON CITY",5,1.0095
260017,"PHELPS COUNTY REGIONAL MEDICAL CENTER",5,1.065
260020,"MERCY HOSPITAL ST LOUIS",6,1.11583333333333
260023,"MERCY HOSPITAL JEFFERSON",5,1.00668
260025,"HANNIBAL REGIONAL HOSPITAL",5,1.07134
260027,"RESEARCH MEDICAL CENTER",5,1.02548
260032,"BARNES JEWISH HOSPITAL",6,0.97355
260040,"COX MEDICAL CENTERS",6,0.965866666666667
260052,"MERCY HOSPITAL WASHINGTON",5,0.99652
260065,"MERCY HOSPITAL SPRINGFIELD",6,1.00878333333333
260068,"BOONE HOSPITAL CENTER",6,0.966883333333333
260077,"MERCY HOSPITAL SOUTH",6,1.05448333333333
260078,"OZARKS HEALTHCARE",5,0.9544
260081,"SSM ST CLARE HEALTH CENTER",5,1.01356
260085,"ST JOSEPH MEDICAL CENTER",6,1.01593333333333
260095,"CENTERPOINT MEDICAL CENTER",6,0.976733333333333
260096,"NORTH KANSAS CITY HOSPITAL",6,0.966533333333333
260104,"SSM HEALTH DEPAUL HOSPITAL ST LOUIS",6,0.956733333333333
260105,"SSM HEALTH SAINT LOUIS UNIVERSITY HOSPITAL",5,1.05794
260108,"MISSOURI BAPTIST MEDICAL CENTER",6,1.01521666666667
260110,"MERCY HOSPITAL SOUTHEAST",6,1.0031
260137,"FREEMAN HEALTH SYSTEM - FREEMAN WEST",6,0.946133333333333
260138,"ST LUKES HOSPITAL OF KANSAS CITY",6,0.967916666666667
260141,"UNIVERSITY OF MISSOURI HEALTH CARE",6,1.02371666666667
260177,"LIBERTY HOSPITAL",6,1.03436666666667
260179,"ST LUKES HOSPITAL",6,1.03758333333333
260180,"CHRISTIAN HOSPITAL NORTHEAST",6,1.00061666666667
260183,"SAINT FRANCIS MEDICAL CENTER",6,0.946883333333333
260186,"LAKE REGIONAL HEALTH SYSTEM",5,0.97648
260190,"LEE'S SUMMIT MEDICAL CENTER",5,1.0131
260191,"BARNES-JEWISH ST PETERS HOSPITAL",5,1.02202
260193,"ST MARY'S MEDICAL CENTER",5,1.01236
260216,"SAINT LUKE'S EAST  HOSPITAL",5,0.98716
260219,"PROGRESS WEST HOSPITAL",5,0.95964
270003,"ST PETERS HEALTH",5,0.97126
270004,"BILLINGS CLINIC",6,0.928433333333333
270012,"BENEFIS HOSPITALS INC",6,0.944166666666667
270014,"ST. PATRICK HOSPITAL",6,0.968333333333333
270049,"INTERMOUNTAIN HEALTH ST VINCENT REGIONAL HOSPITAL",6,0.911083333333333
270051,"LOGAN HEALTH MEDICAL CENTER",5,0.92036
270057,"BOZEMAN HEALTH DEACONESS HOSPITAL",5,0.9225
270086,"GREAT FALLS CLINIC HOSPITAL",6,0.98235
280003,"BRYAN MEDICAL CENTER",6,0.969283333333333
280009,"CHI HEALTH GOOD SAMARITAN",5,1.0117
280013,"THE NEBRASKA MEDICAL CENTER",6,0.952916666666667
280040,"THE NEBRASKA METHODIST HOSPITAL",6,0.963016666666667
280060,"CHI HEALTH BERGAN MERCY",5,0.92146
280065,"GREAT PLAINS HEALTH",5,0.97314
280077,"METHODIST FREMONT HEALTH",5,1.00742
280125,"FAITH REGIONAL HEALTH SERVICES",5,0.9839
280130,"CHI HEALTH LAKESIDE",5,0.96406
280132,"BELLEVUE MEDICAL CENTER",5,1.04266
280134,"KEARNEY REGIONAL MEDICAL CENTER",6,0.962683333333333
290001,"RENOWN REGIONAL MEDICAL CENTER",5,0.93486
290003,"SUNRISE HOSPITAL AND MEDICAL CENTER",6,1.05451666666667
290007,"UNIVERSITY MEDICAL CENTER",6,1.02428333333333
290008,"NORTHEASTERN NEVADA REGIONAL HOSPITAL",5,0.94928
290009,"SAINT MARY'S REGIONAL MEDICAL CENTER",5,0.97574
290019,"CARSON TAHOE REGIONAL MEDICAL CENTER",5,0.98222
290021,"VALLEY HOSPITAL MEDICAL CENTER",6,1.03356666666667
290032,"NORTHERN NEVADA MEDICAL CENTER",5,1.03854
290039,"MOUNTAINVIEW HOSPITAL",6,1.0086
290041,"SUMMERLIN HOSPITAL MEDICAL CENTER",5,1.05944
290045,"SAINT ROSE DOMINICAN HOSPITALS - SIENA CAMPUS",6,0.965866666666667
290046,"SPRING VALLEY HOSPITAL MEDICAL CENTER",6,1.00195
290047,"SOUTHERN HILLS HOSPITAL AND MEDICAL CENTER",5,0.99596
290053,"SAINT ROSE DOMINICAN HOSPITALS - SAN MARTIN CAMPUS",5,1.03132
290054,"CENTENNIAL HILLS HOSPITAL MEDICAL CENTER",5,1.02188
290057,"HENDERSON HOSPITAL",5,1.04556
300001,"CONCORD HOSPITAL",6,1.0076
300003,"MARY HITCHCOCK MEMORIAL HOSPITAL",6,0.920066666666667
300011,"ST JOSEPH HOSPITAL",5,0.94422
300012,"ELLIOT HOSPITAL",5,1.0323
300018,"WENTWORTH-DOUGLASS HOSPITAL",5,1.0102
300020,"SOUTHERN NH MEDICAL CENTER",5,1.0299
300023,"EXETER HOSPITAL INC",5,0.98646
300029,"PORTSMOUTH REGIONAL HOSPITAL",6,1.04785
300034,"CATHOLIC MEDICAL CENTER",6,0.982266666666667
310001,"HACKENSACK UNIVERSITY MEDICAL CENTER",6,0.9258
310002,"NEWARK BETH ISRAEL MEDICAL CENTER",5,1.06256
310005,"HUNTERDON MEDICAL CENTER",5,1.04092
310008,"HOLY NAME MEDICAL CENTER",5,0.98994
310010,"UNIVERSITY MEDICAL CENTER OF PRINCETON AT PLAINSBORO",5,1.10674
310012,"VALLEY HOSPITAL",6,1.00785
310014,"COOPER UNIVERSITY HOSPITAL",6,1.07771666666667
310015,"MORRISTOWN MEDICAL CENTER",6,0.85405
310019,"ST JOSEPH'S UNIVERSITY MEDICAL CENTER INC",6,1.05681666666667
310022,"WEST JERSEY HOSPITAL",5,1.09472
310025,"CAREPOINT HEALTH - BAYONNE MEDICAL CENTER",5,1.07546
310028,"NEWTON MEDICAL CENTER",5,0.98982
310029,"VIRTUA OUR LADY OF LOURDES HOSPITAL",5,1.01352
310031,"DEBORAH HEART AND LUNG CENTER",5,1.0376
310034,"RIVERVIEW MEDICAL CENTER",5,1.03034
310038,"ROBERT WOOD JOHNSON UNIVERSITY HOSPITAL",6,1.12653333333333
310041,"COMMUNITY MEDICAL CENTER",5,1.11216
310044,"CAPITAL HEALTH MEDICAL CENTER - HOPEWELL",5,1.04524
310045,"ENGLEWOOD HOSPITAL AND MEDICAL CENTER",6,1.00893333333333
310048,"ROBERT WOOD JOHNSON UNIVERSITY HOSPITAL - SOMERSET",5,1.09558
310050,"SAINT CLARE'S HOSPITAL/ DENVILLE CAMPUS",5,1.04226
310051,"OVERLOOK MEDICAL CENTER",5,0.89866
310052,"OCEAN MEDICAL CENTER",5,1.03058
310054,"HACKENSACK MERIDIAN MOUNTAINSIDE MEDICAL",5,0.99138
310064,"ATLANTICARE REGIONAL MEDICAL CENTER - CITY CAMPUS",6,0.9926
310070,"SAINT PETER'S UNIVERSITY HOSPITAL",5,1.00656
310073,"JERSEY SHORE UNIVERSITY MEDICAL CENTER",6,1.00438333333333
310074,"JERSEY CITY MEDICAL CENTER",5,1.0233
310075,"MONMOUTH MEDICAL CENTER",5,1.01558
310076,"COOPERMAN BARNABAS MEDICAL CENTER",6,1.0463
310086,"JEFFERSON STRATFORD HOSPITAL",5,1.15514
310110,"ROBERT WOOD JOHNSON UNIVERSITY HOSPITAL AT HAMILTON",5,1.04836
320004,"CHRISTUS SOUTHERN NEW MEXICO",5,0.96752
320009,"LOVELACE MEDICAL CENTER",6,0.966933333333333
320018,"MEMORIAL MEDICAL CENTER",5,1.02504
320021,"PRESBYTERIAN HOSPITAL",6,0.930883333333333
320085,"MOUNTAIN VIEW REGIONAL MEDICAL CENTER",5,1.04778
330005,"KALEIDA HEALTH",6,1.0028
330011,"OUR LADY OF LOURDES MEMORIAL HOSPITAL, INC",5,1.02628
330013,"ALBANY MEDICAL CENTER HOSPITAL",6,0.957133333333333
330023,"VASSAR BROTHERS MEDICAL CENTER",5,1.04948
330024,"MOUNT SINAI HOSPITAL",6,0.905733333333333
330028,"RICHMOND UNIVERSITY MEDICAL CENTER",5,1.07492
330043,"NS/LIJ HS SOUTHSIDE HOSPITAL",6,0.989616666666667
330045,"NS/LIJ HS HUNTINGTON HOSPITAL",5,0.9734
330046,"MOUNT SINAI WEST",6,1.03123333333333
330055,"NEW YORK-PRESBYTERIAN/QUEENS",5,0.93864
330056,"BROOKLYN HOSPITAL CENTER - DOWNTOWN CAMPUS",5,1.04556
330057,"ST PETER'S HOSPITAL",6,1.06645
330059,"MONTEFIORE MEDICAL CENTER",6,1.03635
330090,"ARNOT OGDEN MEDICAL CENTER",5,0.99226
330101,"NEW YORK-PRESBYTERIAN HOSPITAL",6,0.90505
330103,"OLEAN GENERAL HOSPITAL",5,1.01714
330104,"NYACK HOSPITAL",5,1.08054
330106,"NORTH SHORE UNIVERSITY HOSPITAL",6,0.98585
330107,"PECONIC BAY MEDICAL CENTER",5,0.99296
330119,"LENOX HILL HOSPITAL",6,0.93615
330125,"ROCHESTER GENERAL HOSPITAL",6,1.06186666666667
330126,"GARNET HEALTH MEDICAL CENTER",6,1.02681666666667
330136,"BASSETT HEALTHCARE",6,0.949766666666667
330140,"ST JOSEPH'S HOSPITAL HEALTH CENTER",6,1.07935
330141,"LONG ISLAND COMMUNITY HOSPITAL",5,0.95134
330153,"ELLIS HOSPITAL",5,0.9976
330158,"GOOD SAMARITAN HOSPITAL OF SUFFERN",6,1.03136666666667
330160,"STATEN ISLAND UNIVERSITY HOSPITAL",6,1.0219
330162,"NORTHERN WESTCHESTER HOSPITAL",5,1.02206
330182,"ST FRANCIS HOSPITAL - THE HEART CENTER",6,0.945933333333333
330185,"JOHN T MATHER MEMORIAL HOSPITAL  OF PORT JEFFERSON",5,0.95154
330194,"MAIMONIDES MEDICAL CENTER",6,1.0896
330195,"LONG ISLAND JEWISH MEDICAL CENTER",5,1.02386
330198,"MOUNT SINAI SOUTH NASSAU",5,1.0804
330203,"CROUSE HOSPITAL",5,1.05322
330214,"NYU LANGONE HOSPITALS",6,0.855983333333333
330222,"SARATOGA HOSPITAL",5,0.99312
330224,"HEALTHALLIANCE HOSPITAL MARYS AVENUE CAMPUS",5,1.0405
330226,"UNITY HOSPITAL",5,1.10072
330234,"WESTCHESTER MEDICAL CENTER",6,0.96275
330239,"UPMC CHAUTAUQUA AT WCA",5,0.9949
330241,"UNIVERSITY HOSPITAL S U N Y HEALTH SCIENCE CENTER",6,0.961283333333333
330250,"CHAMPLAIN VALLEY PHYSICIANS HOSPITAL MEDICAL CTR",5,1.0048
330259,"MERCY MEDICAL CENTER",5,0.94664
330264,"MONTEFIORE ST LUKE'S CORNWALL",5,1.03982
330267,"HUDSON VALLEY HOSPITAL CENTER",5,0.93006
330279,"MERCY HOSPITAL OF BUFFALO",5,1.04368
330285,"STRONG MEMORIAL HOSPITAL",5,0.95834
330286,"GOOD SAMARITAN HOSPITAL MEDICAL CENTER",6,0.888816666666667
330304,"WHITE PLAINS HOSPITAL CENTER",6,0.971
330307,"CAYUGA MEDICAL CENTER AT ITHACA",5,0.96208
330331,"PLAINVIEW HOSPITAL",5,0.99636
330332,"CHSLI ST JOSEPH HOSPITAL",5,0.9879
330393,"SUNY/STONY BROOK UNIVERSITY HOSPITAL",6,0.927766666666667
330394,"UNITED HEALTH SERVICES HOSPITALS, INC",6,0.984316666666667
340001,"CAROLINAS MEDICAL CENTER-NORTHEAST",6,0.977083333333333
340002,"MEMORIAL MISSION HOSPITAL AND ASHEVILLE SURGERY CE",6,0.9002
340008,"SCOTLAND MEMORIAL HOSPITAL",5,0.97452
340014,"NOVANT HEALTH FORSYTH MEDICAL CENTER",6,0.90285
340015,"NOVANT HEALTH ROWAN MEDICAL CENTER",5,0.96
340017,"PARDEE HOSPITAL HENDERSON COUNTY",5,0.92342
340028,"CAPE FEAR VALLEY MEDICAL CENTER",6,1.01698333333333
340030,"DUKE UNIVERSITY HOSPITAL",6,0.912016666666667
340032,"CAROMONT REGIONAL MEDICAL CENTER",6,1.0776
340039,"IREDELL MEMORIAL HOSPITAL INC",5,1.00628
340040,"ECU HEALTH MEDICAL CENTER",6,1.10646666666667
340041,"CALDWELL MEMORIAL HOSPITAL",5,1.02796
340047,"NORTH CAROLINA BAPTIST HOSPITAL",6,0.983583333333333
340051,"WATAUGA MEDICAL CENTER",5,1.02112
340053,"NOVANT HEALTH PRESBYTERIAN MEDICAL CENTER",6,0.900883333333333
340061,"UNC HOSPITALS",6,0.960716666666667
340069,"WAKEMED, RALEIGH CAMPUS",6,0.93875
340070,"ALAMANCE REGIONAL MEDICAL CENTER",5,1.0407
340090,"JOHNSTON HEALTH",5,1.01834
340091,"MOSES H. CONE MEMORIAL HOSPITAL, THE",6,0.96
340098,"ATRIUM HEALTH PINEVILLE",6,1.00551666666667
340113,"CAROLINAS MEDICAL CENTER/BEHAV HEALTH",6,0.921883333333333
340114,"REX HOSPITAL",6,0.975183333333333
340115,"FIRSTHEALTH MOORE REGIONAL HOSPITAL",6,1.03795
340116,"FRYE REGIONAL MEDICAL CENTER",5,1.0402
340126,"WILSON MEDICAL CENTER",5,1.02682
340129,"DUKE HEALTH LAKE NORMAN HOSPITAL",5,1.07628
340130,"ATRIUM HEALTH UNION",5,1.02088
340131,"CAROLINA EAST MEDICAL CENTER",6,0.992716666666667
340141,"NOVANT HEALTH NEW HANOVER REGIONAL MEDICAL CENTER",6,0.932466666666667
340142,"CARTERET GENERAL HOSPITAL",5,1.0591
340143,"CATAWBA VALLEY MEDICAL CENTER",5,0.95548
340147,"UNC HEALTH NASH",5,1.00994
340151,"ECU HEALTH NORTH HOSPITAL",5,1.00914
340155,"DUKE REGIONAL HOSPITAL",6,1.01218333333333
340171,"NOVANT HEALTH MATTHEWS MEDICAL CENTER",5,1.00256
340173,"WAKEMED, CARY HOSPITAL",5,0.9573
340183,"NOVANT HEALTH HUNTERSVILLE MEDICAL CENTER",5,0.9747
350002,"CHI ST ALEXIUS HEALTH",6,0.949366666666667
350006,"TRINITY HOSPITALS",5,0.9947
350011,"SANFORD MEDICAL CENTER FARGO",6,0.90485
350015,"SANFORD MEDICAL CENTER BISMARCK",5,0.94368
350019,"ALTRU HOSPITAL",5,0.89368
350070,"ESSENTIA HEALTH",6,0.969183333333333
360001,"MERCY HEALTH-ANDERSON HOSPITAL",6,1.00725
360003,"UNIVERSITY OF CINCINNATI MEDICAL CENTER, LLC",6,0.978333333333333
360006,"RIVERSIDE METHODIST HOSPITAL",6,0.933683333333333
360008,"SOUTHERN OHIO MEDICAL CENTER",6,0.953383333333333
360009,"LIMA MEMORIAL HEALTH SYSTEM",5,1.05032
360012,"MOUNT CARMEL ST ANN'S",5,0.99474
360016,"THE JEWISH HOSPITAL-MERCY HEALTH",6,1.07198333333333
360017,"GRANT MEDICAL CENTER",6,1.0116
360020,"SUMMA HEALTH SYSTEM",6,1.05733333333333
360027,"AKRON GENERAL MEDICAL CENTER",6,0.9571
360035,"MOUNT CARMEL EAST & WEST",6,1.02205
360036,"WOOSTER COMMUNITY HOSPITAL",5,0.98442
360039,"GENESIS HOSPITAL",5,0.95512
360041,"PARMA COMMUNITY GENERAL HOSPITAL",5,1.05952
360048,"UNIVERSITY OF TOLEDO MEDICAL CENTER",5,1.0211
360051,"MIAMI VALLEY HOSPITAL",6,1.07066666666667
360056,"MERCY HEALTH - FAIRFIELD HOSPITAL",6,0.997933333333333
360064,"ST ELIZABETH YOUNGSTOWN HOSPITAL",5,1.02514
360065,"FISHER-TITUS HOSPITAL",5,1.01138
360066,"MERCY HEALTH-ST RITA'S MEDICAL CENTER",6,0.984366666666667
360068,"PROMEDICA TOLEDO HOSPITAL",6,0.960666666666667
360070,"MERCY MEDICAL CENTER",6,0.998233333333333
360072,"FAIRFIELD MEDICAL CENTER",6,1.13783333333333
360076,"ATRIUM MEDICAL CENTER",5,1.02702
360077,"FAIRVIEW HOSPITAL",6,0.990766666666667
360079,"KETTERING HEALTH MAIN CAMPUS",5,1.05068
360084,"AULTMAN HOSPITAL",5,0.93418
360085,"OHIO STATE UNIVERSITY STATE HEALTH SYSTEM",6,0.988933333333333
360086,"SPRINGFIELD REGIONAL MEDICAL CENTER",5,1.01014
360095,"BLANCHARD VALLEY HOSPITAL",6,0.9991
360098,"LAKE HEALTH",6,1.02116666666667
360112,"MERCY ST VINCENT MEDICAL CENTER",6,1.06338333333333
360118,"OHIOHEALTH MANSFIELD HOSPITAL",5,0.98964
360123,"UH ST JOHN MEDICAL CENTER",5,0.99234
360133,"KETTERING HEALTH DAYTON",6,1.06146666666667
360134,"GOOD SAMARITAN HOSPITAL",5,1.00538
360137,"UH CLEVELAND MEDICAL CENTER",6,1.04201666666667
360145,"UNIVERSITY HOSPITALS - ELYRIA MEDICAL CENTER",6,1.01258333333333
360155,"SOUTHWEST GENERAL HEALTH CENTER",5,1.09096
360159,"ADENA REGIONAL MEDICAL CENTER",6,0.984883333333333
360161,"MH ST JOSEPH WARREN HOSPITAL",5,1.01526
360163,"CHRIST HOSPITAL",6,0.986066666666667
360172,"MERCY REGIONAL MEDICAL CENTER",5,1.0339
360179,"BETHESDA NORTH",6,1.06741666666667
360180,"CLEVELAND CLINIC",6,0.943116666666667
360211,"TRINITY MEDICAL CTR EAST &TRINITY MEDICAL CTR WEST",6,1.03863333333333
360218,"LICKING MEMORIAL HOSPITAL",5,1.00674
360230,"HILLCREST HOSPITAL",6,0.985683333333333
360234,"MERCY HEALTH - WEST HOSPITAL",5,1.04166
360354,"WEST CHESTER HOSPITAL",5,1.0281
360359,"UNIVERSITY HOSPITALS AHUJA MEDICAL CENTER",6,1.00613333333333
370001,"HILLCREST MEDICAL CENTER",6,0.965566666666667
370008,"NORMAN REGIONAL",6,1.05361666666667
370014,"ALLIANCEHEALTH DURANT",5,1.17352
370018,"ASCENSION ST JOHN JANE PHILLIPS",5,0.96902
370023,"DUNCAN REGIONAL HOSPITAL, INC",5,0.96546
370025,"SAINT FRANCIS HOSPITAL MUSKOGEE",5,1.11958
370026,"ST MARY'S REGIONAL MEDICAL CENTER",5,0.94062
370028,"INTEGRIS BAPTIST MEDICAL CENTER, INC",6,0.986183333333333
370034,"MCALESTER REGIONAL HEALTH CENTER",5,0.97748
370037,"SSM HEALTH ST ANTHONY HOSPITAL - OKLAHOMA CITY",6,0.903333333333333
370049,"STILLWATER MEDICAL CENTER",5,0.9928
370056,"COMANCHE COUNTY MEMORIAL HOSPITAL",6,1.07123333333333
370078,"OKLAHOMA STATE UNIVERSITY MEDICAL CENTER",5,1.0327
370089,"NORTHEASTERN HEALTH SYSTEM",5,1.04116
370091,"SAINT FRANCIS HOSPITAL, INC",6,0.9468
370093,"O U MEDICAL CENTER",5,0.99888
370094,"SSM HEALTH ST ANTHONY HOSPITAL - MIDWEST",5,1.12954
370106,"INTEGRIS SOUTHWEST MEDICAL CENTER",5,1.00048
370114,"ASCENSION ST JOHN MEDICAL CENTER",5,0.94914
370149,"SSM HEALTH ST ANTHONY HOSPITAL - SHAWNEE",5,0.97636
370202,"HILLCREST HOSPITAL SOUTH",5,1.0212
370215,"OKLAHOMA HEART HOSPITAL, LLC",5,1.00702
370218,"SAINT FRANCIS HOSPITAL SOUTH, LLC",5,1.08156
380004,"PROVIDENCE ST VINCENT MEDICAL CENTER",6,0.964966666666667
380007,"LEGACY EMANUEL MEDICAL CENTER",5,0.96102
380009,"OHSU HOSPITAL AND CLINICS",5,0.98866
380014,"GOOD SAMARITAN REGIONAL MEDICAL CENTER",6,0.964083333333333
380017,"LEGACY GOOD SAMARITAN MEDICAL CENTER",5,0.9484
380018,"ASANTE ROGUE REGIONAL MEDICAL CENTER",5,0.88164
380020,"MCKENZIE-WILLAMETTE MEDICAL CENTER",6,0.971816666666667
380047,"ST CHARLES MEDICAL CENTER - BEND",6,0.918483333333333
380050,"SKY LAKES MEDICAL CENTER",5,0.92686
380051,"SALEM HOSPITAL",6,0.93365
380060,"ADVENTIST HEALTH PORTLAND",5,0.95542
380061,"PROVIDENCE PORTLAND MEDICAL CENTER",5,0.95506
380075,"PROVIDENCE MEDFORD MEDICAL CENTER",5,1.03166
380089,"LEGACY MERIDIAN PARK MEDICAL CENTER",5,1.03222
380090,"BAY AREA HOSPITAL",5,1.01256
380102,"SACRED HEART MEDICAL CENTER - RIVERBEND",6,0.910666666666667
390001,"GEISINGER-COMMUNITY MEDICAL CENTER",6,1.03913333333333
390004,"PENN STATE HEALTH HOLY SPIRIT MEDICAL CENTER",6,1.01435
390006,"GEISINGER MEDICAL CENTER",6,0.98275
390009,"SAINT VINCENT HOSPITAL",6,0.992233333333333
390013,"WELLSPAN EVANGELICAL COMMUNITY HOSPITAL",5,0.9572
390027,"TEMPLE UNIVERSITY HOSPITAL",6,0.981283333333333
390036,"HERITAGE VALLEY BEAVER",6,1.00175
390042,"WASHINGTON HOSPITAL, THE",6,0.9904
390044,"READING HOSPITAL",6,0.9928
390045,"UPMC WILLIAMSPORT",6,1.00546666666667
390046,"WELLSPAN YORK HOSPITAL",5,0.98354
390049,"ST LUKES HOSPITAL BETHLEHEM",6,1.02716666666667
390050,"ALLEGHENY GENERAL HOSPITAL",6,1.03241666666667
390057,"ST LUKE'S HOSPITAL - GRAND VIEW CAMPUS",5,0.9921
390063,"UPMC HAMOT",6,0.996183333333333
390066,"WELLSPAN GOOD SAMARITAN HOSPITAL",5,0.92224
390067,"UPMC PINNACLE HOSPITALS",6,1.0273
390073,"UPMC ALTOONA",6,0.967666666666667
390079,"ROBERT PACKER HOSPITAL",6,0.945683333333333
390086,"PENN HIGHLANDS DUBOIS",6,0.91625
390096,"PENN STATE HEALTH ST. JOSEPH",5,0.99144
390097,"HOLY REDEEMER HOSPITAL AND MEDICAL CENTER",5,1.02766
390100,"LANCASTER GENERAL HOSPITAL",6,0.965566666666667
390101,"UPMC MEMORIAL",5,1.0301
390107,"UPMC PASSAVANT",6,1.00221666666667
390110,"CONEMAUGH MEMORIAL MEDICAL CENTER",5,1.01708
390111,"HOSPITAL OF UNIV OF PENNSYLVANIA",5,1.00496
390113,"MEADVILLE MEDICAL CENTER",5,0.90678
390115,"JEFFERSON HEALTH- NORTHEAST",6,1.10961666666667
390123,"POTTSTOWN HOSPITAL",5,1.01624
390125,"WAYNE MEMORIAL HOSPITAL",5,1.01948
390133,"LEHIGH VALLEY HOSPITAL",6,1.09055
390137,"WILKES-BARRE GENERAL HOSPITAL",6,0.974033333333333
390139,"BRYN MAWR HOSPITAL",5,1.07318
390142,"JEFFERSON EINSTEIN PHILADELPHIA HOSPITAL",6,1.01061666666667
390145,"EXCELA HEALTH WESTMORELAND REGIONAL HOSPITAL",6,1.0466
390153,"PAOLI HOSPITAL",5,0.96428
390164,"UPMC PRESBYTERIAN SHADYSIDE",6,1.0173
390168,"INDEPENDENCE HEALTH SYSTEM BUTLER MEMORIAL HOSPITA",5,0.99492
390173,"INDIANA REGIONAL MEDICAL CENTER",5,1.01594
390174,"THOMAS JEFFERSON UNIVERSITY HOSPITAL",6,1.11376666666667
390179,"CHESTER COUNTY HOSPITAL",6,0.995866666666667
390195,"MAIN LINE HOSPITAL LANKENAU",6,1.03436666666667
390201,"LEHIGH VALLEY HOSPITAL - POCONO",6,1.0639
390203,"DOYLESTOWN HOSPITAL",6,1.04515
390211,"SHARON REGIONAL MEDICAL CENTER",5,0.99278
390222,"RIDDLE MEMORIAL HOSPITAL",5,1.05264
390223,"PENN PRESBYTERIAN MEDICAL CENTER",6,0.953883333333333
390226,"PENNSYLVANIA HOSPITAL",5,0.99212
390228,"ST CLAIR HOSPITAL",5,0.99972
390231,"JEFFERSON ABINGTON HOSPITAL",6,1.05491666666667
390233,"UPMC HANOVER",5,0.99614
390237,"REGIONAL HOSPITAL OF SCRANTON",5,1.00916
390256,"MILTON S HERSHEY MEDICAL CENTER",6,1.0088
390258,"ST MARY MEDICAL CENTER",6,1.10696666666667
390265,"JEFFERSON HOSPITAL",6,1.08826666666667
390267,"FORBES HOSPITAL",6,1.02185
390268,"MOUNT NITTANY MEDICAL CENTER",5,1.00564
390270,"GEISINGER WYOMING VALLEY MEDICAL CENTER",6,0.9834
390328,"UPMC EAST",5,1.00824
390329,"JEFFERSON EINSTEIN MONTGOMERY HOSPITAL",5,1.01868
390330,"ST LUKE'S HOSPITAL - MONROE CAMPUS",5,1.09316
410007,"RHODE ISLAND HOSPITAL",5,0.95952
410009,"KENT COUNTY MEMORIAL HOSPITAL",5,0.99416
410012,"THE MIRIAM HOSPITAL",5,0.91376
420002,"PIEDMONT MEDICAL CENTER",6,1.0104
420004,"MUSC MEDICAL CENTER",6,1.06558333333333
420007,"SPARTANBURG MEDICAL CENTER",6,0.998416666666667
420009,"PRISMA HEALTH OCONEE MEMORIAL HOSPITAL",5,1.06314
420018,"PRISMA HEALTH RICHLAND HOSPITAL",5,0.98616
420023,"ST FRANCIS-DOWNTOWN",6,0.941516666666667
420026,"MUSC HEALTH COLUMBIA MEDICAL CENTER DOWNTOWN",6,0.923466666666667
420027,"ANMED HEALTH",5,0.97638
420051,"MCLEOD REGIONAL MEDICAL CENTER-PEE DEE",6,1.06996666666667
420067,"BEAUFORT COUNTY MEMORIAL HOSPITAL",5,1.00466
420071,"SELF REGIONAL HEALTHCARE",6,1.00186666666667
420073,"LEXINGTON MEDICAL CENTER",6,1.08731666666667
420078,"PRISMA HEALTH GREENVILLE MEMORIAL HOSPITAL",5,1.01456
420079,"TRIDENT MEDICAL CENTER",6,1.04416666666667
420080,"HILTON HEAD REGIONAL MEDICAL CENTER",6,1.04211666666667
420085,"GRAND STRAND REGIONAL MEDICAL CENTER",6,1.0688
420087,"ROPER HOSPITAL",6,0.993116666666667
420098,"TIDELANDS WACCAMAW COMMUNITY HOSPITAL",5,1.00114
420105,"MCLEOD LORIS  HOSPITAL",5,0.9655
430005,"PRAIRIE LAKES HEALTHCARE SYSTEM, INC",5,0.96366
430014,"AVERA ST LUKES",5,0.97708
430027,"SANFORD USD MEDICAL CENTER",6,0.956633333333333
430077,"MONUMENT HEALTH RAPID CITY HOSPITAL",6,0.949483333333333
440002,"JACKSON-MADISON COUNTY GENERAL HOSPITAL",5,0.97986
440009,"CUMBERLAND MEDICAL CENTER",5,0.98528
440011,"BLOUNT MEMORIAL HOSPITAL",5,1.0006
440012,"WELLMONT BRISTOL REGIONAL MEDICAL CENTER",6,1.02508333333333
440015,"UNIVERSITY HEALTH SYSTEM, INC",6,0.990716666666667
440017,"WELLMONT HOLSTON VALLEY MEDICAL CENTER",6,0.97115
440029,"WILLIAMSON MEDICAL CENTER",5,0.89572
440034,"METHODIST MEDICAL CENTER OF OAK RIDGE",6,1.02353333333333
440039,"VANDERBILT UNIVERSITY MEDICAL CENTER",6,0.91735
440046,"TRISTAR HORIZON MEDICAL CENTER",5,0.98056
440048,"BAPTIST MEMORIAL HOSPITAL",6,1.09868333333333
440049,"METHODIST HOSPITALS OF MEMPHIS",6,0.975533333333333
440053,"SAINT THOMAS RUTHERFORD HOSPITAL",6,0.97235
440058,"SOUTHERN TENNESSEE REGIONAL HEALTH SYSTEM WINCHEST",5,0.9685
440059,"COOKEVILLE REGIONAL MEDICAL CENTER",6,1.07956666666667
440063,"JOHNSON CITY MEDICAL CENTER",6,1.02993333333333
440073,"MAURY REGIONAL HOSPITAL",5,1.0637
440082,"ASCENSION SAINT THOMAS HOSPITAL",6,0.978366666666667
440091,"MEMORIAL HEALTHCARE SYSTEM, INC",6,0.924766666666667
440104,"ERLANGER MEDICAL CENTER",6,0.906816666666667
440120,"PHYSICIANS REGIONAL MEDICAL CENTER",6,1.05161666666667
440125,"FORT SANDERS REGIONAL MEDICAL CENTER",6,1.07216666666667
440150,"TRISTAR SUMMIT MEDICAL CENTER",5,1.02718
440156,"PARKRIDGE MEDICAL CENTER",6,0.986983333333333
440161,"TRISTAR CENTENNIAL MEDICAL CENTER",6,0.953716666666667
440173,"PARKWEST MEDICAL CENTER",6,1.06198333333333
440183,"ST FRANCIS HOSPITAL",6,1.0456
440185,"AFFILIATE OF VITRUVIAN HEALTH",5,1.06788
440193,"VANDERBILT WILSON COUNTY HOSPITAL",5,0.97902
440194,"TRISTAR HENDERSONVILLE MEDICAL CENTER",5,1.00754
440227,"TRISTAR STONECREST MEDICAL CENTER",5,1.02634
450010,"UNITED REGIONAL HEALTH CARE SYSTEM",6,1.0039
450011,"CHI ST JOSEPH HEALTH REGIONAL HOSPITAL",6,0.980433333333333
450018,"UNIVERSITY OF TEXAS MEDICAL BRANCH GALVESTON",5,1.0701
450021,"BAYLOR UNIVERSITY MEDICAL CENTER",6,0.987333333333333
450023,"CITIZENS MEDICAL CENTER",5,1.0373
450032,"CHRISTUS GOOD SHEPHERD MEDICAL CENTER",5,1.03788
450033,"VHS HARLINGEN HOSPITAL COMPANY LLC",5,1.01932
450034,"CHRISTUS SOUTHEAST TEXAS- ST ELIZABETH",5,1.02126
450040,"COVENANT MEDICAL CENTER",5,0.9329
450042,"ASCENSION PROVIDENCE",6,0.972916666666667
450044,"UT OF TEXAS  SOUTHWESTERN UNIVERSITY HOSPITAL - WILLIAM P. CLEMENTS JR.",6,1.03971666666667
450046,"CHRISTUS SPOHN HOSPITAL CORPUS CHRISTI",6,1.0024
450054,"BAYLOR SCOTT & WHITE MEDICAL CENTER - TEMPLE",6,0.994283333333333
450056,"ASCENSION SETON MEDICAL CENTER AUSTIN",6,1.0119
450058,"BAPTIST MEDICAL CENTER",6,0.963916666666667
450068,"MEMORIAL HERMANN - TEXAS MEDICAL CENTER",5,0.97418
450083,"UT HEALTH EAST TEXAS TYLER REGIONAL HOSPITAL",6,1.04163333333333
450087,"MEDICAL CITY NORTH HILLS",5,1.02484
450097,"HCA HOUSTON HEALTHCARE SOUTHEAST",5,1.00322
450101,"BAYLOR SCOTT & WHITE MEDICAL CENTER HILLCREST",5,0.97182
450102,"CHRISTUS MOTHER FRANCES HOSPITAL",6,0.91255
450104,"GUADALUPE REGIONAL MEDICAL CENTER",5,1.12326
450107,"LAS PALMAS MEDICAL CENTER A CAMPUS OF LPDS HEALTHC",6,1.02726666666667
450119,"SOUTH TEXAS HEALTH SYSTEM",5,1.02814
450132,"MEDICAL CENTER HOSPITAL",5,0.94012
450133,"MIDLAND MEMORIAL HOSPITAL",5,1.01716
450135,"TEXAS HEALTH HARRIS METHODIST FORT WORTH",5,0.9576
450137,"BAYLOR SCOTT AND WHITE ALL SAINTS MEDICAL CENTER",5,1.0339
450184,"MEMORIAL HERMANN HOSPITAL SYSTEM",6,1.05741666666667
450193,"Baylor St Lukes Medical Center",5,0.93718
450196,"PARIS REGIONAL MEDICAL CENTER",5,0.9891
450203,"MEDICAL CITY WEATHERFORD",5,1.0495
450209,"NORTHWEST TEXAS HOSPITAL",5,0.98378
450213,"UNIVERSITY HEALTH SYSTEM",5,0.9923
450222,"HCA HOUSTON HEALTHCARE CONROE",5,1.06174
450229,"HENDRICK MEDICAL CENTER",6,0.9585
450231,"BSA HOSPITAL",6,1.05531666666667
450237,"CHRISTUS SANTA ROSA MEDICAL CENTER",6,1.01465
450324,"TEXOMA MEDICAL CENTER",6,1.00913333333333
450346,"BAPTIST BEAUMONT HOSPITAL",5,0.99812
450352,"HUNT REGIONAL MEDICAL CENTER",5,1.01128
450358,"HOUSTON METHODIST HOSPITAL",6,0.954383333333333
450388,"METHODIST HOSPITAL",6,1.00935
450403,"MEDICAL CENTER OF MCKINNEY",5,1.0412
450424,"HOUSTON METHODIST BAYTOWN HOSPITAL",5,0.94802
450431,"ST DAVID'S MEDICAL CENTER",6,0.99745
450462,"TEXAS HEALTH PRESBYTERIAN HOSPITAL DALLAS",6,0.881333333333333
450484,"WOODLAND HEIGHTS MEDICAL CENTER",6,1.00196666666667
450508,"NACOGDOCHES MEMORIAL HOSPITAL",5,1.01772
450518,"THE MEDICAL CENTER OF SOUTHEAST TEXAS",5,1.03126
450537,"METHODIST RICHARDSON MEDICAL CENTER",5,0.96862
450563,"BAYLOR SCOTT & WHITE MEDICAL CENTER  GRAPEVINE",5,1.01812
450571,"SHANNON MEDICAL CENTER",6,0.999166666666667
450587,"HENDRICK MEDICAL CENTER BROWNWOOD",5,1.05342
450610,"MEMORIAL HERMANN MEMORIAL CITY HOSPITAL",5,0.93208
450617,"HCA HOUSTON HEALTHCARE CLEAR LAKE",6,0.9789
450634,"MEDICAL CITY DENTON",6,1.04131666666667
450639,"TEXAS HEALTH HARRIS METHODIST HURST-EULESS-BEDFORD",5,1.05414
450647,"MEDICAL CITY DALLAS HOSPITAL",6,1.03696666666667
450651,"MEDICAL CITY PLANO",6,0.998566666666667
450656,"NACOGDOCHES MEDICAL CENTER",5,1.01032
450668,"SIERRA MEDICAL CENTER",5,1.05928
450670,"HCA HOUSTON HEALTHCARE TOMBALL",6,1.04318333333333
450672,"MEDICAL CITY FORT WORTH",6,1.06921666666667
450675,"MEDICAL CITY ARLINGTON",5,1.05774
450686,"UNIVERSITY MEDICAL CENTER",5,1.01922
450702,"LONGVIEW REGIONAL MEDICAL CENTER",6,1.03306666666667
450713,"ST DAVID'S SOUTH AUSTIN MEDICAL CENTER",6,0.998116666666667
450718,"ROUND ROCK MEDICAL CENTER",5,0.97804
450723,"METHODIST CHARLTON MEDICAL CENTER",5,0.99486
450742,"BAYLOR SCOTT AND WHITE MEDICAL CENTER LAKE POINTE",5,1.02328
450743,"TEXAS HEALTH PRESBYTERIAN HOSPITAL DENTON",5,0.965
450771,"TEXAS HEALTH PRESBYTERIAN HOSPITAL PLANO",6,0.975833333333333
450775,"HCA HOUSTON HEALTHCARE KINGWOOD",6,1.04185
450779,"TEXAS HEALTH HARRIS METHODIST HOSPITAL SOUTHWEST F",5,0.98836
450788,"CORPUS CHRISTI MEDICAL CENTER,THE",5,1.00366
450801,"CHRISTUS ST MICHAEL HEALTH SYSTEM",6,0.993566666666667
450809,"NORTH AUSTIN MEDICAL CENTER",5,1.0443
450820,"HOUSTON METHODIST SUGARLAND HOSPITAL",6,1.05478333333333
450840,"TEXAS HEALTH PRESBYTERIAN HOSPITAL ALLEN",5,0.99388
450844,"HOUSTON METHODIST WILLOWBROOK HOSPITAL",5,1.04848
450855,"HARLINGEN MEDICAL CENTER",6,0.981266666666667
450862,"ST LUKE'S THE WOODLANDS HOSPITAL",5,1.01578
450869,"DOCTORS HOSPTAL AT RENAISSANCE",6,1.01108333333333
450876,"LUBBOCK HEART HOSPITAL LP",5,1.00454
450890,"BAYLOR SCOTT & WHITE MEDICAL CENTER PLANO",5,1.04728
460001,"INTERMOUNTAIN HEALTH UTAH VALLEY HOSPITAL",5,0.91344
460004,"MCKAY-DEE HOSPITAL",6,0.8873
460005,"OGDEN REGIONAL MEDICAL CENTER",5,1.01106
460009,"UNIVERSITY OF UTAH HOSPITAL AND CLINICS",6,0.9347
460010,"INTERMOUNTAIN MEDICAL CENTER",5,0.85354
460021,"ST. GEORGE REGIONAL HOSPITAL",6,0.8946
460047,"ST MARK'S HOSPITAL",5,0.97212
460051,"HOLY CROSS HOSPITAL-JORDAN VALLEY",5,0.97312
470001,"CENTRAL VERMONT MEDICAL CENTER",5,1.0395
470003,"UNIV. OF VERMONT - FLETCHER ALLEN HEALTH CARE",6,0.968083333333333
490004,"SENTARA RMH MEDICAL CENTER",6,0.946883333333333
490005,"WINCHESTER MEDICAL CENTER",6,1.01806666666667
490007,"SENTARA NORFOLK GENERAL HOSPITAL",5,0.98462
490009,"UNIVERSITY OF VIRGINIA MEDICAL CENTER",6,0.96895
490017,"BON SECOURS MARYVIEW MEDICAL CENTER",5,1.03976
490018,"AUGUSTA HEALTH",5,0.82256
490021,"CENTRA HEALTH -  LYNCHBURG GEN HOSPITAL",6,0.9479
490022,"MARY WASHINGTON HOSPITAL",6,1.06816666666667
490023,"FAUQUIER HOSPITAL",5,1.0044
490024,"CARILION MEDICAL CENTER",6,0.942166666666667
490032,"MEDICAL COLLEGE OF VIRGINIA HOSPITALS",6,0.9677
490040,"INOVA ALEXANDRIA HOSPITAL",5,0.92918
490041,"MARY IMMACULATE HOSPITAL",5,1.03876
490043,"INOVA LOUDOUN HOSPITAL",5,0.9286
490044,"SENTARA OBICI HOSPITAL",5,0.98462
490046,"SENTARA LEIGH HOSPITAL",5,1.0951
490048,"LEWISGALE MEDICAL CENTER",6,1.08141666666667
490050,"VIRGINIA HOSPITAL CENTER",6,1.02335
490052,"RIVERSIDE REGIONAL MEDICAL CENTER",5,0.97034
490057,"SENTARA VIRGINIA BEACH GENERAL HOSPITAL",6,1.01011666666667
490059,"BON SECOURS ST MARYS HOSPITAL",6,0.9392
490063,"INOVA FAIRFAX HOSPITAL",6,0.9557
490066,"SENTARA WILLIAMSBURG REGIONAL MEDICAL CENTER",5,1.0072
490069,"BON SECOURS MEMORIAL REGIONAL MEDICAL CENTER",6,0.967183333333333
490075,"SOVAH HEALTH DANVILLE",5,0.99442
490077,"SENTARA MARTHA JEFFERSON HOSPITAL",5,0.93476
490107,"RESTON HOSPITAL CENTER",5,1.01556
490110,"LEWISGALE HOSPITAL MONTGOMERY",5,1.05138
490112,"CJW MEDICAL CENTER",6,0.976516666666667
490118,"HENRICO DOCTORS' HOSPITAL",6,1.07021666666667
490119,"SENTARA PRINCESS ANNE HOSPITAL",5,1.024
490120,"CHESAPEAKE GENERAL HOSPITAL",5,0.98248
490130,"RIVERSIDE WALTER REED HOSPITAL",5,0.93112
490136,"BON SECOURS ST FRANCIS MEDICAL CENTER",5,1.04782
490141,"SPOTSYLVANIA REGIONAL MEDICAL CENTER",5,1.03524
500002,"PROVIDENCE ST MARY MEDICAL CENTER",5,0.89568
500003,"SKAGIT VALLEY HOSPITAL",5,1.0036
500005,"VIRGINIA MASON MEDICAL CENTER",6,0.944666666666667
500008,"UNIVERSITY OF WASHINGTON MEDICAL CTR",6,1.00068333333333
500014,"PROVIDENCE REGIONAL MEDICAL CENTER EVERETT",6,0.9192
500015,"MULTICARE AUBURN MEDICAL CENTER",5,0.9978
500016,"CONFLUENCE HEALTH HOSPITAL",6,0.949233333333333
500019,"PROVIDENCE CENTRALIA HOSPITAL",5,0.9724
500024,"PROVIDENCE ST PETER HOSPITAL",6,1.02111666666667
500030,"ST JOSEPH HOSPITAL",6,0.928716666666667
500031,"GRAYS HARBOR COMMUNITY HOSPITAL",5,0.9473
500036,"YAKIMA VALLEY MEMORIAL",5,0.97142
500039,"HARRISON MEDICAL CENTER",6,0.909033333333333
500041,"PEACEHEALTH ST JOHN MEDICAL CENTER",5,0.94944
500044,"DEACONESS MEDICAL CENTER",6,0.93315
500050,"PEACEHEALTH SOUTHWEST MEDICAL CENTER",6,0.9327
500051,"OVERLAKE HOSPITAL MEDICAL CENTER",6,1.01371666666667
500053,"TRIOS HEALTH",5,0.99242
500054,"PROV SACRED HRT MED CTR & CHILDS HOSP.",6,0.896383333333333
500058,"KADLEC REGIONAL MEDICAL CENTER",6,0.8984
500079,"MULTICARE GOOD SAMARITAN HOSPITAL",5,0.99418
500108,"ST JOSEPH MEDICAL CENTER",5,0.9755
500124,"EVERGREENHEALTH MEDICAL CENTER",5,0.9309
500129,"TACOMA GENERAL ALLENMORE HOSPITAL",6,1.02743333333333
500139,"CAPITAL MEDICAL CENTER",5,1.05416
500150,"LEGACY SALMON CREEK MEDICAL CENTER",5,1.02486
510001,"WEST VIRGINIA UNIVERSITY HOSPITALS, INC",6,0.940566666666667
510006,"UNITED HOSPITAL CENTER, INC",5,0.99348
510007,"ST MARYS MEDICAL CENTER",6,0.996533333333333
510008,"BERKELEY MEDICAL CENTER",5,0.96134
510022,"CHARLESTON AREA MEDICAL CENTER",6,1.0395
510024,"MON HEALTH MEDICAL CENTER",6,1.00076666666667
510029,"THOMAS MEMORIAL HOSPITAL",5,1.08136
510046,"PRINCETON COMMUNITY HOSPITAL ASSN INC",5,0.98714
510050,"WHEELING HOSPITAL, INC",6,1.04083333333333
510058,"CAMDEN CLARK MEDICAL CENTER",6,1.07461666666667
520008,"WAUKESHA MEMORIAL HOSPITAL",5,0.96288
520009,"ASCENSION NE WISCONSIN - ST ELIZABETH CAMPUS",6,0.93485
520021,"FROEDTERT SOUTH INC.",5,1.0205
520030,"ASPIRUS WAUSAU HOSPITAL",6,0.922466666666667
520037,"MARSHFIELD MEDICAL CENTER",6,1.02311666666667
520049,"BELLIN MEMORIAL HOSPITAL",5,0.93574
520051,"ASCENSION COLUMBIA ST MARYS HOSPITAL MILWAUKEE",5,0.97694
520062,"OCONOMOWOC MEMORIAL HOSPITAL",5,0.95308
520066,"MERCY HEALTH SYSTEM CORP",6,1.0185
520070,"MAYO CLINIC HEALTH SYSTEM EAU CLAIRE HOSPITAL",6,0.975
520075,"ST VINCENT HOSPITAL",5,0.92444
520083,"SSM HEALTH ST MARY'S HOSPITAL - MADISON",6,0.958866666666667
520087,"GUNDERSEN LUTHERAN MEDICAL CENTER",5,0.93298
520088,"SSM HEALTH ST AGNES HOSPITAL-FOND DU LAC",5,0.98272
520096,"ASCENSION ALL SAINTS HOSPITAL",5,1.02886
520098,"UNIVERSITY OF WI  HOSPITALS & CLINICS AUTHORITY",6,0.979083333333333
520103,"COMMUNITY MEMORIAL HOSPITAL",5,1.04986
520116,"WATERTOWN MEMORIAL HOSPITAL",5,1.0411
520136,"ASCENSION SE WISCONSIN HOSPITAL",5,0.99192
520138,"AURORA ST LUKES MEDICAL CENTER",6,0.997766666666667
520160,"THEDACARE REGIONAL MEDICAL CENTER - APPLETON INC",6,0.89845
520177,"FROEDTERT MEMORIAL LUTHERAN HOSPITAL",5,1.0708
520193,"AURORA BAYCARE MEDICAL CTR",6,1.0158
520207,"AURORA MEDICAL CENTER",6,1.03143333333333
530006,"SHERIDAN MEMORIAL HOSPITAL",5,0.97802
530012,"BANNER WYOMING MEDICAL CENTER",6,0.958433333333333
530014,"CHEYENNE REGIONAL MEDICAL CENTER",6,1.06216666666667
670023,"METHODIST MANSFIELD MEDICAL CENTER",6,1.00425
670034,"BAYLOR SCOTT & WHITE MEDICAL CENTER - ROUND ROCK",6,1.02118333333333
670041,"ASCENSION SETON WILLIAMSON",5,0.96378
670043,"CEDAR PARK REGIONAL MEDICAL CENTER",5,1.05928
670055,"METHODIST HOSPITAL  STONE OAK",6,0.968316666666667
670056,"ASCENSION  SETON HAYS",5,0.98702
670077,"HOUSTON METHODIST WEST HOSPITAL",6,1.01871666666667
670082,"BAYLOR SCOTT AND WHITE  MEDICAL CENTER  MCKINNEY",5,1.04536
670088,"BAYLOR SCOTT & WHITE MEDICAL CENTER- COLLEGE STATI",6,1.03401666666667
670098,"RESOLUTE HEALTH HOSPITAL",5,0.99846
670122,"HOUSTON METHODIST THE WOODLANDS HOSPITAL",6,1.00435
